-- MySQL dump 10.13  Distrib 5.5.59, for debian-linux-gnu (x86_64)
--
-- Host: localhost    Database: slp_en_db
-- ------------------------------------------------------
-- Server version	5.5.59-0ubuntu0.14.04.1-log

/*!40101 SET @OLD_CHARACTER_SET_CLIENT=@@CHARACTER_SET_CLIENT */;
/*!40101 SET @OLD_CHARACTER_SET_RESULTS=@@CHARACTER_SET_RESULTS */;
/*!40101 SET @OLD_COLLATION_CONNECTION=@@COLLATION_CONNECTION */;
/*!40101 SET NAMES utf8 */;
/*!40103 SET @OLD_TIME_ZONE=@@TIME_ZONE */;
/*!40103 SET TIME_ZONE='+00:00' */;
/*!40014 SET @OLD_UNIQUE_CHECKS=@@UNIQUE_CHECKS, UNIQUE_CHECKS=0 */;
/*!40014 SET @OLD_FOREIGN_KEY_CHECKS=@@FOREIGN_KEY_CHECKS, FOREIGN_KEY_CHECKS=0 */;
/*!40101 SET @OLD_SQL_MODE=@@SQL_MODE, SQL_MODE='NO_AUTO_VALUE_ON_ZERO' */;
/*!40111 SET @OLD_SQL_NOTES=@@SQL_NOTES, SQL_NOTES=0 */;

--
-- Table structure for table `client_uid_tb`
--

DROP TABLE IF EXISTS `client_uid_tb`;
/*!40101 SET @saved_cs_client     = @@character_set_client */;
/*!40101 SET character_set_client = utf8 */;
CREATE TABLE `client_uid_tb` (
  `CLIENT_UID_SRL` int(11) NOT NULL AUTO_INCREMENT,
  `CLIENT_UID` varchar(64) NOT NULL,
  `OS_TYPE` enum('ios','android') NOT NULL,
  PRIMARY KEY (`CLIENT_UID_SRL`),
  KEY `IDX_CLIENT_UID` (`CLIENT_UID`)
) ENGINE=InnoDB AUTO_INCREMENT=373 DEFAULT CHARSET=utf8;
/*!40101 SET character_set_client = @saved_cs_client */;

--
-- Dumping data for table `client_uid_tb`
--

LOCK TABLES `client_uid_tb` WRITE;
/*!40000 ALTER TABLE `client_uid_tb` DISABLE KEYS */;
INSERT INTO `client_uid_tb` VALUES (1,'6565ac28096ba5e7c0e5f3ac3cb559ac','android'),(2,'6c59502d1d518560607ffed1b5c374b4','android'),(3,'79b7d84f4b2d6f67f9d79b76494ab5f4','android'),(4,'7b389347213ff40b23b117b3df3e94d1','android'),(5,'74278a33696d3ade31eb5f13ecb3fae4','android'),(6,'c92a41e202034891c6c0390f64022b7f','android'),(7,'112dd2d8d4faa5890c4648634dc5676a','android'),(8,'366446891c3045dc1642b59c41556892','android'),(9,'8e517e23908fc4ed6a5090de86744b7c','android'),(10,'15b440e6f43c5467d4e8ccae0447b0ce','android'),(11,'6805ee9ed9ec406feaf8a3b797b3e7e8','android'),(12,'62fbd760a01962c2525ed0d2c3c38438','android'),(13,'71c7ce7330ea2f93966efa9465e3ba91','android'),(14,'80189239e5dbcb6155c5f2318382dbfe','android'),(15,'02e417aeec970bcece584831696ddcd7','android'),(16,'823e3b4f1cd0995dd24b5ab66eedd146','android'),(17,'33563a6ddc5cc5881eba836f30cf59c5','android'),(18,'467918fa77199768b1b7ec4769141610','android'),(19,'cb2e6350d88a1496d5cd48dc40d5fa43','android'),(20,'269f92b900ac2b5a81f542aee7fe2232','android'),(21,'5f982b0607637c6183bcff06bba0d647','android'),(22,'1b3609151acab3b935823e56adce1337','android'),(23,'dfda761c405d17942ad3df6cb850360a','android'),(24,'0fd8f3d766ba2f283184cdedc6209145','android'),(25,'3731a10902c984ade09d4637b9cc1556','android'),(26,'0815aea2e4d8fefddfb02347bb4bb204','android'),(27,'544361d3bf8e345c8aeb0b8d826fbe3c','android'),(28,'f22c9bd87d28ddd1748f2299e4e36833','android'),(29,'3a2f67898ad393559d45c81e855ca2fd','android'),(30,'7d861cd3374ff0f34c383a70c19babe3','android'),(31,'36512bcd20e85ac0912604cc64af0653','android'),(32,'926acf465dc9abdaf541c15685f85899','android'),(33,'4e0c167bad4b1282d9f177b0ed51ac9f','android'),(34,'451fe0a82bc8325af196cb57dd63c9c4','android'),(35,'c548e33f176d22f9d28c9a982e0a7a8f','android'),(36,'78b182c64e1adc5bacab559a8c0a47ff','android'),(37,'3ea5669ce905c2fe76a9152cb0ff7c2b','android'),(38,'35a0326d76928bb432fed0cb30b77906','android'),(39,'d42be5199ec084d625402b9c323be89b','android'),(40,'a85f836cd4fae82233347cd50c50342f','android'),(41,'55d8a01e1c19864b87ddcab32238f069','android'),(42,'ebcbdca7dfeeca27e6bb3d474efb885f','android'),(43,'2172939549cad45970f7bd86b0fb7685','android'),(44,'efbc19d36c15391bf2e86fd79521c004','android'),(45,'1863234d756641a37e0262267abdc230','android'),(46,'cf7ef6bf32edada77e681cb0bf215fcb','android'),(47,'8cd5a97a67f78adee0089b2732b6a10b','android'),(48,'f3b0f6a7aa6f693fe58e9ecd9c0e47da','android'),(49,'7771ddd9c1d7d4c8a4eebc4df722cf0f','android'),(50,'4ba777732c4d82c82ab16248e1768af8','android'),(51,'fefdd9fc83f66f07d89201cdeeefc164','android'),(52,'0f420b20bfbf0588df00f1e4c0923c21','android'),(53,'9c58c9fe8a8b4b6d37584e093c109225','android'),(54,'6c24dd1e48a87579de9bc0b859c3f2fc','android'),(55,'f678bd147d462b8b5c269e025b32c1de','android'),(56,'a79189a2c0855e1cc8a96f9711c13c50','android'),(57,'25fb1fc58b65cfe940508cac4368c152','android'),(58,'a0d5b960fef9856d214227c36f6af021','android'),(59,'b9509abb9e5dad117128f723ef72b58e','android'),(60,'76749aab186caac8d7e8903ee2820b0f','android'),(61,'28902de0e42d33a2d55ff96298f7e641','android'),(62,'5bbe4aee5a291966aba727c1b4afef55','android'),(63,'8910b91638375e602849b5230ced8341','android'),(64,'039febe1959b1d41e2c614c176ff2e14','android'),(65,'d4fa9793cc85b38863ba7b104d73048b','android'),(66,'9a63ea705fabb06d51bd370c51b36878','android'),(67,'70a72991d8ec940aa04dbdaea3bf92f4','android'),(68,'85d5055a7f0cbbdc7a0ddc5c7ffde600','android'),(69,'b29f30c991c71e9fb09f042e421c3847','android'),(70,'12e766cf81574f78cfc03ba1c4275211','android'),(71,'d96862bc264768b0a6cf342e160e99c2','android'),(72,'dcfb7a18cc7b705841e0bfc107b89908','android'),(73,'61d5f60c2d7aa94451709d3bb4ef2ed7','android'),(74,'58cb66de65651ade2cf60991378abdd0','android'),(75,'7cb9cfdb9190e06e19e87a5c8bff691a','android'),(76,'4b7f9a10f516f6977693b4a7ab15fc1a','android'),(77,'1d57b9557e28611f72471463dd53329a','android'),(78,'04b2829835ff6d11f86d0e15148f0559','android'),(79,'9a9d7ed457aa8a59a1992f237391d0a3','android'),(80,'068b193864176e122e494bcf99537b46','android'),(81,'d7aa4c482a28166acfbd0c84bd7bf095','android'),(82,'3903de1c8e1fbe29c7570618963007f9','android'),(83,'cbe6f0ed11d57e030dce3526db46cbeb','android'),(84,'0a85a59788d173737f9135a51b2d564e','android'),(85,'50541ec775d265676d6e3cc252fd855e','android'),(86,'663179c015810e1ad8ca0e61f5c2c63a','android'),(87,'b2856b819bb1a9f6957fd7e325c44377','android'),(88,'1a0cc83e41c6dd38efcd1f1b94235fcf','android'),(89,'6f933cb49967edeab90a7a8eec5ddfa5','android'),(90,'6c593700e7a07380159ab46bbb83d685','android'),(91,'0525d3a13df1b1b0f3059abe264f56e7','android'),(92,'bbb29d42c4d2bb9f292f63aff97be266','android'),(93,'405b35b9ec22785a70f925249f2f67dd','android'),(94,'194cffa5fc64b85846fd743c40c5f155','android'),(95,'91bf5e19beff51fbd7a7b9895c3efb9e','android'),(96,'46319d51930478ac306666ec605fd820','android'),(97,'9b6f1c3df607522267c9c91a931ca110','android'),(98,'fbed2a1c424bdb4245d47727cadb31b5','android'),(99,'1e504159fee2c9cf65b6ede63f78c4b7','android'),(100,'913ed5f5aec84a0a9c04b5c9a95bde26','android'),(101,'6b989ca66725cca39d826f73bd38ea8b','android'),(102,'c6e94e780828cd39be8f107462775229','android'),(103,'c5d9c7699b3d62188c3bf95db832d3b0','android'),(104,'ce551f3c613e54c820f083bd1770e0e0','android'),(105,'c642851223dd57324ce7423c582db772','android'),(106,'af4155f0b9fd92ccc085254d5fd69ece','android'),(107,'6e5f4e6cf8bc33a1fbd3e9270976a055','android'),(108,'eef23ea79c14b1cc85578353dcb443c8','android'),(109,'25e48f0e9109a4f14ecf7c7ed5675cdb','android'),(110,'925f70f18c4ef23eb1a7dd60b5e81f06','android'),(111,'1a35fe607597ddfa2fd3ef53e1bd3fb4','android'),(112,'fd4ef3bc31c10bf492e3a264cdbbad2b','android'),(113,'849830095c30cd0d38d9ba2873865e93','android'),(114,'c0e0728e2f36ab2bf1e3d967f9172a51','android'),(115,'5cec3fb69fbbf8c7750bb815565b5b07','android'),(116,'77f481e21f3f36769af8e5f6901714dd','android'),(117,'ed34b70da9465f9ab23aa49c2521d85e','android'),(118,'e9dee18964420df6136d4430554b60bd','android'),(119,'b8ae688c764ab0166d86a71f34fcf5a6','android'),(120,'b8250a57ea011bfeaecfe7ef86777998','android'),(121,'21371d265b5711b289344b479f583909','android'),(122,'95ac8a7a8ccf63804b41fcff14c5f8d4','android'),(123,'0691de48ee9634608cf9854ddb6888e5','android'),(124,'3a579e87b903693b38240a32b8507bcf','android'),(125,'e1f5bfaebac3497635ffd3246a967b2f','android'),(126,'807874328149ee23da41e34482e52ce1','android'),(127,'d7a36ec6a79cd220b3c49596275c0657','android'),(128,'ba1f0bfcba8d683c4d39daf961507cab','android'),(129,'21dfa482a88feda6a613850ebbc738a7','android'),(130,'00bdf19a32bd7dc1ae8adb3ffab9c45e','android'),(131,'5557fa7bb92cdc5e73d53b443f66ef93','android'),(132,'f79d00733d02c8cb65d1eae6c2f9a9dd','android'),(133,'4fd44500eeefea077ba2053ba2562517','android'),(134,'14673b55e072482c5f50a1a5f030960a','android'),(135,'181384b1b8cc39cf3e8b402d8a73f6fc','android'),(136,'62987e21fa6364a8ca186328c3bba7c2','android'),(137,'40697f6045841dccb44ce455cae448a4','android'),(138,'755d69569985d0dffc04851a2d3f3caf','android'),(139,'884b6301ffc497b7c48c27499a6000ce','android'),(140,'c917612709e2ee4b92ca3c85af669a63','android'),(141,'f49b60bd57ba0a2731ce1b96a8ee43c2','android'),(142,'30d843bd27015cbff7151fa8601d496b','android'),(143,'b68c1c46bfc534e8623e0f0973b9f072','android'),(144,'1aed4230bd281c41276716d0b6bb7aab','android'),(145,'eda3edf5448acae7262283be7220591e','android'),(146,'fb840cf3bec3c402087cb18c302bef1f','android'),(147,'bee5b533b63082c89511140cb6e5c431','android'),(148,'8b91b3e159c0c4771bec3598ab36132c','android'),(149,'72150623c188418a1fc01c20196eb2c7','android'),(150,'4643f0c131ef4a839bfbf24f4c8dbb20','android'),(151,'bdb911b27570314c6c706827eee2e850','android'),(152,'eb8b97c1c0b7d98dbb09cae1ebde819f','android'),(153,'062510255b9ae371c08f8bb0471b90e0','android'),(154,'e51fe02cf153d919e1830a9d8fe5ac5a','android'),(155,'48d4f520e65d0aeb0571ca3ed6228779','android'),(156,'5957803339256bb4eac7b9956f67c66d','android'),(157,'d332cbd1e3b91ebb59ebfe81535b6ceb','android'),(158,'9b4cd9c8208a198e6516fbcddba62280','android'),(159,'00d899a37d9084b3d9d53af1e2087573','android'),(160,'7b548f3b08473ac21546cfcf54c4dae3','android'),(161,'57b51cbd2fafeecf7d79be842834be11','android'),(162,'f39587c9e8933992d790ede5a35a4519','android'),(163,'bba9e83ad6b1b5b8c317871c0fc9e7f7','android'),(164,'48532c3af7e176e0e9c7d00f5d24ee07','android'),(165,'af90255cceb5bb67d72fb385ab62d86c','android'),(166,'1421af4e5bf2552dcaea18c254b43539','android'),(167,'80114f1997d9170d7970f5006fbd9b81','android'),(168,'971ec3ec1f4793b0277f841981ba8fdd','android'),(169,'06d18266abd85e7ef416037d2790d2f6','android'),(170,'d97dc29308f4a757d68d1d55f12a1690','android'),(171,'bfdec5108e8f83ab6eec1d6f592535c8','android'),(172,'aefb5de5c7a530aa89f3c4311d590197','android'),(173,'d88c7af4c45a59165ef1ac08314732d9','android'),(174,'470f749bd54773fb1a104095389f90d9','android'),(175,'ca9863d5c1194a7bb890f1bb6a9418a1','android'),(176,'dfd583e356a0ddd55d3a2971f4ff46fd','android'),(177,'91780c222992b45087fd8382c3fc5e90','android'),(178,'d539cb630bdf64ca646127da92e3e222','android'),(179,'6243b9b23e688af48f55d46e289dadc1','android'),(180,'f143943e332b8f784af89a785916f023','android'),(181,'4f925e67f5413461363eb0008c26b4b5','android'),(182,'8dafe00609bdc91ae7d498b6e5325ad6','android'),(183,'c035447c81bffc538b7d9cb7f866c590','android'),(184,'254d133ff34240d46d42912533b98c37','android'),(185,'a0d61ada1d7c3e4c0de34b91ca120d01','android'),(186,'b8fb4d1659f9e09f2dd40ec25a52bd23','android'),(187,'f7ca22728ff87d1cf9a0d33b323161be','android'),(188,'842d336267b28991d5b217f640ffab8e','android'),(189,'bae1de28099dd6390620519f9ff64d5f','android'),(190,'131c8d1296fd9d1cded02f07f012ec17','android'),(191,'08d5b84ab03e58061e936df8bf531e2f','android'),(192,'dac813aa2d36693c9fdedc4bafa3fe33','android'),(193,'85ce8318d96d27db9160aa196de117f5','android'),(194,'61f1982c43478a59b8461d5e862c1a80','android'),(195,'5ba5d1c5cec6b6b336d7333c52ab9336','android'),(196,'d4cbbe803d186fbdf478f21590611186','android'),(197,'e7d9128a9ca2ad7e4fce1945cacaf444','android'),(198,'7be1c3cdebc95ed1f28488aa333cf83d','android'),(199,'0a123e9374744c7b2ea9ed292b0980b7','android'),(200,'af842ed892284d280997fa9c1e5f888c','android'),(201,'a266e352582ba3ed3bb7f77074256569','android'),(202,'0fc2dc0ffe5e26dba848f6e32ccdd1f3','android'),(203,'cbe8000c46ec54d6335a5cb3640a95c8','android'),(204,'017b171ff8387968c77720617db6be9d','android'),(205,'c0bb1675a479f918e829a9503bdd42a2','android'),(206,'cd0bbba5c2de69a0996139550b8ab68f','android'),(207,'8f92f411ec74c2d1c6c2153dcb8e3ff8','android'),(208,'ce60f0620cec8519c5667beb942bf549','android'),(209,'057787c8e7d27150b92d730f68749e27','android'),(210,'77cf00192f19b4b700b3c0153142ad21','android'),(211,'f0edc8cf33cbd9a912beac56a6dcfcbd','android'),(212,'3f44eaaf5059f6e36851fc941b464275','android'),(213,'4f63a40ad39edef68e1bf4232cf3361c','android'),(214,'42ff62645ecd3a24c1a1af2680155c2b','android'),(215,'dd0893a9109c4e02b880ffd3929ce527','android'),(216,'ef77b5186c76fa63b47256f0e34cb11a','android'),(217,'bfa9155b85588c19d5b11be8e39b917d','android'),(218,'7888a99603b9e0419f7f56c3f8038007','android'),(219,'2916429aa7d7cb3b42e231f3e660bb49','android'),(220,'0eb0591984e78d9e3e0eecbf6e49999a','android'),(221,'63721c20c56ff36d2371ee9c7b33c2dc','android'),(222,'2cbaf3c0875e61eae4552f8c46178cd3','android'),(223,'792fa8ee7883035d27cc052599b0a810','android'),(224,'e6bcf609f8eea890a6a83415feca79aa','android'),(225,'5ba201994c170f2beb739e4dc7ee5750','android'),(226,'6ca4b1366ed47e035b6396f959a15c9f','android'),(227,'ba967b7350f36faf80e44cd263c2f852','android'),(228,'ed4ddf4a75a76dffcf8b78a20bc08ff0','android'),(229,'4e4024914513a0911a95d7a5455deb76','android'),(230,'781233ccf2f7a6693aff8ba21a6904b1','android'),(231,'1cb90e90394d16a27403c9c66d4dddf0','android'),(232,'8c6d5effe7ec2a847c49a782feec8a4c','android'),(233,'ae94d9119df9b7a7037feea3853ad522','android'),(234,'f00019801549c15d6c14605995688883','android'),(235,'629d324234b10b8275937a58a3f8ed2d','android'),(236,'c60ceecdd5c96d93b4d9da1d1faec547','android'),(237,'ac0bc363ee96044c9435a5330e4c0c88','android'),(238,'3ab9471246d02d0e32dabdf0ae3ffe56','android'),(239,'91249a43c7fc1850724d34cee1cf3896','android'),(240,'41874564ae6abc4cce3ca28f11b05e1b','android'),(241,'fbb4f007f303a1390e512171f644b9b1','android'),(242,'738ef3dc07ccf71f1e03a8e5a9caee7d','android'),(243,'2002970f5daf77b5def6e2ef62806759','android'),(244,'5ddfdda76bd7a7ad0f2c7af8a88187f6','android'),(245,'4c86955edccd112d2a7f3ef4e2f0e143','android'),(246,'0e0dce037741c6996c971ab681c496cf','android'),(247,'53a2f66b2cdc3f9f0c67401f84ee8954','android'),(248,'ca5538c2aeec86b83398c2b6ee5ee082','android'),(249,'ab8a0953353bfa04d8f9c2612ef3007a','android'),(250,'6d8c2db51d31d48b7ccc0476a266d119','android'),(251,'f5296b29cece0410e22fcf287eef3cc5','android'),(252,'24b29c15cb953506cebb9653d51c8471','android'),(253,'45feb33e792adeb2a27441cabb3020ed','android'),(254,'1e16820d492a68bcd46759d2447ddad8','android'),(255,'30d2463cd694d5633fb41ffd33d1075c','android'),(256,'43837fcfd82ec7e245780007b046c7fc','android'),(257,'7d609b2ecff2f5951f1c168705e56d4a','android'),(258,'182a36d50911f1cfd497469533f5800d','android'),(259,'f5a9249b11078854349089018910e68b','android'),(260,'9798cdf17750583d5d8eceb1a5b17455','android'),(261,'eae4073897078362cbb5d4796f9e4ad0','android'),(262,'7ffd2e1a4a3dc6f82d89f86db54abed9','android'),(263,'f7bf61402e33a7528ce59c08710ec5f2','android'),(264,'9854352964bb0280bd5da44ec9f465f9','android'),(265,'bda0ea1a5ecb57a3318c7e457d9225fe','android'),(266,'ab85b7ec830f843834cc96dba2ece9d2','android'),(267,'12869e19fa2c9f19d41c7547aa01e044','android'),(268,'533ea41b5794a27198faa5e9aba7acce','android'),(269,'c9ae65981ceb6e6765ac970f818a145c','android'),(270,'154f34727c857ee20ad170d009a5500a','android'),(271,'f6d6c419a54a9e1f4587b76dd3993bed','android'),(272,'ca42e86dee1e9f3f4ec89f584c11fde9','android'),(273,'cd9e459ea708a948d5c2f5a6ca8838cf','android'),(274,'3bc5aaef141152d689d80ab77241deb7','android'),(275,'e7ec077d7d4397b12ad988b2b539694a','android'),(276,'30f682bf57bb1949999e17f55483d705','android'),(277,'89b57c54f52e18d0c5e0655fe3bb08ef','android'),(278,'85a98799f0fa0b7c0278c3ff0f78a0b8','android'),(279,'0aea364525a0c679c282eed6cd47ae6c','android'),(280,'13a884e985eeaf682eaad4a94ae899e9','android'),(281,'c3e8639c76d44947b8adf221e14f48e8','android'),(282,'cb32e49f78e4e628495ab5b932535391','android'),(283,'7f6aead77224a66666244e3e513ab410','android'),(284,'6514daf379de86a4d182420d70e23a83','android'),(285,'c13bce8e31eaf87c636a94714489070c','android'),(286,'e235bae37ec5de430c3cb84dc890ad5b','android'),(287,'7e71bb5d73411f350efec2184dc27aa1','android'),(288,'2be88cfcee4c675d188e284e474d5e63','android'),(289,'d24cf2e4ddecddbceb9eaab16f3a12dd','android'),(290,'a62f7dc2a7cb107536e82648e40ff824','android'),(291,'566635b7b117921351a32d6a3f7a9b3c','android'),(292,'ffaf1504774819e0765d37cb4bb42d7f','android'),(293,'5d7711cc26e93b35521c1c5c40158f0e','android'),(294,'676c6bda66055d99cb46c30710459307','android'),(295,'fb3fecf58dee3488fe84de48f383abd6','android'),(296,'303fbad5c5453293f08812ee4118ba92','android'),(297,'872aeb5fce2afd5b9838db45e496d370','android'),(298,'54469b3771125546295390d60edf082c','android'),(299,'adf11fd571ac8ddc0c1d3985441ee94f','android'),(300,'ccfe8f6fa2b06927e9dd370bb2f76e69','android'),(301,'5d4d67e0f992100b5b5225867f421b37','android'),(302,'cee3be3cacc1dfc08021bc71e5a8d3c9','android'),(303,'363d56941b327378fdb380a95643df0e','android'),(304,'de545db79637ea20ea8b3602b502a743','android'),(305,'a32ec14211d0697262ce5456e9fe3f02','android'),(306,'9eabb0215309071a39d3eec2f1827516','android'),(307,'d080e0e70cf7f694d7fd2507139f4bcc','android'),(308,'0fc10521d8813f8aac12f6e752fe6ea2','android'),(309,'e8071e53d482e1e8dc6f61b1e65e80f4','android'),(310,'565dacbe71fbfbcb2c371f7e757e04ca','android'),(311,'6e15f05e64e8fc706864cba4dd3e2180','android'),(312,'00808413b290368e71cf1ac1f13cea6b','android'),(313,'d6dbd8d1df1ef03e5a0ae12a208c4067','android'),(314,'d69119d2be54e02f69f2a71d8ae2f28f','android'),(315,'c5e314179332e8cd1c2fff5cd5ea2e90','android'),(316,'cebfffde00c4f9843c052cee4c57e248','android'),(317,'40742e1ecc1ff56f387f38b39eb426de','android'),(318,'04705b1a7dd6e46cb61175650cf4d266','android'),(319,'fbfc06744a2247bb37c670e7f34bad16','android'),(320,'dc6dde497d8c9d391f50bc80836cf75f','android'),(321,'221817fc41d8055d777f96bfc8b2b7ac','android'),(322,'7169100f1e934c4a49dc8b0393e24219','android'),(323,'a7d60487a3770963f62c2912659b6ea1','android'),(324,'95387cb111be8d9ce8501d8ecb49f309','android'),(325,'2b70a87807a5bc9bde34bb68905c8733','android'),(326,'c1bc7cc034d10cd16657c7d6a05ba512','android'),(327,'a45ecd77f6fce1b06eec7e4ea5144ed6','android'),(328,'fba59cec9e888ac3313d79c034219984','android'),(329,'a1f24bb792b4582c82716dc98b0de167','android'),(330,'50320cfeaf43b1f8a4ffae4ccc90fe54','android'),(331,'ed8dbd7a022f6584ed5ca839201ef4ca','android'),(332,'a8483e52b04f0a51173e4552deee5fb8','android'),(333,'4621c941b14d66e7fbd6394c7d8c47a7','android'),(334,'69136b6b31cfee96a86b6c00e571e635','android'),(335,'8f51f6a191eeac2f20da6600f1b38f2e','android'),(336,'8e9014b0c195ca6188bb78b88b692ee0','android'),(337,'a362de150bd44f2e121ceb1e3cdd12d8','android'),(338,'936f4494a66f5c5fbcfc086c6e0c5ff6','android'),(339,'5b26d13751faf7db28b53d9f693e3fde','android'),(340,'f6f292df376bd1142551dd5ce3b44329','android'),(341,'fb76fc4788a4c7e2ddc800e1d5a00954','android'),(342,'2df9ac6882602fe60c7460f3763e09ca','android'),(343,'04579b7fe6c0eb353e8e49c86a7eccf6','android'),(344,'81d3f33bcf9f4d097730d4ba74c609f7','android'),(345,'64c63b87354ffbbc1a21fb641b8d6ce6','android'),(346,'b497e4841d954e6428e91244c6ed9e12','android'),(347,'e54ec20b3ee815fe2424f2a0ccbe4219','android'),(348,'801c9cfaf41676176f5d8c44a3764497','android'),(349,'75c930c8d1b1fda7301eaf85eac69c75','android'),(350,'5af2fa1624fbf23b9c148b22610dabfb','android'),(351,'fda2913f27d6963c96422bf058c9e9d6','android'),(352,'de317c1f69ae916d7a55c581487b6b6f','android'),(353,'d9822d18a8c31a264f7adcdfdcb8aa92','android'),(354,'8c7701d16ec92c0e3bef8652e1e82935','android'),(355,'097ec7d69fdace154895f184ff53a141','android'),(356,'7b3979d5ba14716be9c3a6ae4c9d0da1','android'),(357,'5821749474b8bba263d2aa19b50e2239','android'),(358,'a4262d832ca91eee5cbc6956e81897ed','android'),(359,'3879651bc123ad253e311f60128707dd','android'),(360,'da248c737545f745e9e875e97d85a36c','android'),(361,'a23afc823fe6761bd96a01b931da591f','android'),(362,'07f8b720615ce746e33ef99315d7aa89','android'),(363,'18f21ee6748ca6aff0ee5181d11f56b5','android'),(364,'db6d4b0a370c7fcd6ed72002d227bb9b','android'),(365,'c4dc34d1570e7c3ebd7a75c1f555e2f6','android'),(366,'b566459a83483e4498ffa19a4bb8eeb8','android'),(367,'84618abd9604c11c138f0463c092ba01','android'),(368,'80e4be1d9e411cfed5f2ca3865fcd211','android'),(369,'e20459a29f233a6720a626a49f1677a5','android'),(370,'270705b94f3be25a981300ef1c1f9124','android'),(371,'178bf7d508d6a32b041411ea4db36849','android'),(372,'e5a51c041615e8ff189cf0f13564fca0','android');
/*!40000 ALTER TABLE `client_uid_tb` ENABLE KEYS */;
UNLOCK TABLES;

--
-- Table structure for table `en_ep_info_tb`
--

DROP TABLE IF EXISTS `en_ep_info_tb`;
/*!40101 SET @saved_cs_client     = @@character_set_client */;
/*!40101 SET character_set_client = utf8 */;
CREATE TABLE `en_ep_info_tb` (
  `OS` enum('android','ios') NOT NULL,
  `LANG` enum('ko') NOT NULL,
  `EN_ID` varchar(10) NOT NULL,
  `UNITY_CODE` varchar(32) NOT NULL,
  `UNITY_VER` tinyint(4) NOT NULL,
  `UPDATE_DATETIME` datetime NOT NULL,
  PRIMARY KEY (`OS`,`LANG`,`EN_ID`)
) ENGINE=InnoDB DEFAULT CHARSET=utf8;
/*!40101 SET character_set_client = @saved_cs_client */;

--
-- Dumping data for table `en_ep_info_tb`
--

LOCK TABLES `en_ep_info_tb` WRITE;
/*!40000 ALTER TABLE `en_ep_info_tb` DISABLE KEYS */;
INSERT INTO `en_ep_info_tb` VALUES ('android','ko','tmp_en_id','tmp_unity_code',1,'2015-08-03 11:48:24'),('ios','ko','tmp_en_id','tmp_unity_code',1,'2015-08-03 11:49:22');
/*!40000 ALTER TABLE `en_ep_info_tb` ENABLE KEYS */;
UNLOCK TABLES;

--
-- Table structure for table `last_connect_tb`
--

DROP TABLE IF EXISTS `last_connect_tb`;
/*!40101 SET @saved_cs_client     = @@character_set_client */;
/*!40101 SET character_set_client = utf8 */;
CREATE TABLE `last_connect_tb` (
  `OS_TYPE` enum('ios','android') NOT NULL,
  `CLIENT_UID_SRL` int(11) NOT NULL,
  `CONNECT_SRL` int(11) NOT NULL AUTO_INCREMENT,
  `REG_DATE` date NOT NULL,
  PRIMARY KEY (`OS_TYPE`,`CLIENT_UID_SRL`,`CONNECT_SRL`),
  KEY `CONNECT_SRL` (`CONNECT_SRL`)
) ENGINE=InnoDB DEFAULT CHARSET=utf8;
/*!40101 SET character_set_client = @saved_cs_client */;

--
-- Dumping data for table `last_connect_tb`
--

LOCK TABLES `last_connect_tb` WRITE;
/*!40000 ALTER TABLE `last_connect_tb` DISABLE KEYS */;
/*!40000 ALTER TABLE `last_connect_tb` ENABLE KEYS */;
UNLOCK TABLES;

--
-- Table structure for table `push_device_token_android_tb`
--

DROP TABLE IF EXISTS `push_device_token_android_tb`;
/*!40101 SET @saved_cs_client     = @@character_set_client */;
/*!40101 SET character_set_client = utf8 */;
CREATE TABLE `push_device_token_android_tb` (
  `DEVICE_TOKEN` varchar(256) NOT NULL,
  `ACCOUNT_ID` bigint(20) NOT NULL,
  `CLIENT_UID_SRL` int(11) NOT NULL,
  `REG_DATETIME` datetime NOT NULL,
  KEY `IDX_ACCOUNT_ID` (`ACCOUNT_ID`),
  KEY `IDX_CLIENT_UID_SRL` (`CLIENT_UID_SRL`),
  FULLTEXT KEY `IDX_DEVICE_TOKEN` (`DEVICE_TOKEN`)
) ENGINE=MyISAM DEFAULT CHARSET=utf8;
/*!40101 SET character_set_client = @saved_cs_client */;

--
-- Dumping data for table `push_device_token_android_tb`
--

LOCK TABLES `push_device_token_android_tb` WRITE;
/*!40000 ALTER TABLE `push_device_token_android_tb` DISABLE KEYS */;
INSERT INTO `push_device_token_android_tb` VALUES ('asdf',100000114,0,'2015-08-11 17:04:09'),('APA91bFFk06waBTOJU7YLo4OlQtTaFirMVise2rs0Z5C-zuwqJ7XYibdfcj1UITry1d_dth3kAmF0D1NqZx7u85gIHiM0qvpJh7TRqRAp_WGi_PDCKsqZctgo2Ag4qmEjsnFgrjIvYa0',0,1,'2015-10-14 15:43:54'),('APA91bFVTDWB0c97yH7atkAWA6Iesvfj-sIOuoo2-NGR0Pq6hpHe4nisUcM4nmuZ3640P5EkDNki7fkFAoc4JH87T-eI8XrI5I-CumVeeeIlFaU2HKX3AzgGCo1nIB3_UuFJzF7mo0iz',0,1,'2015-10-15 09:23:08'),('APA91bHLLlNreHMx6yKSIgO6gqOhNlrXZxorSascx_sjMAVVXQzBBqOp6fw7DoflZ21WTDi4awGh8L8zoVqoFh_YpQqwPhOwk_FqrmhvRSTzwdOyRLjhXnaCPHMbDIJ4cC4rZ88Rl_eQ',0,2,'2015-10-15 10:36:33'),('APA91bGwJv60po7fOem-q419XzjJYV8manQAV4M3Ff4CFvjBC0mqIV6vJwLQeHkVK5Eq2XdVkm2KOj-GuyVRHsrONJNhuSaj08oNSWaCfcKAtuOPP2ntoaY77PA7rAP8JUu_WViHvmaL',0,3,'2015-10-15 18:35:08'),('APA91bFh4FERg7-_15zxjdeypCkXYlDiZgs8uwvITC_KrAWzerlrp9aFBmMcUGfzKaevCNwNC49Vx5JYiEt296ln2EmX9PpxldIpjvA5UKyx5KHaQ2bRDXlXqY-gl7cE2NaiiZw92vwo',0,4,'2015-10-17 18:14:39'),('APA91bEDfxGjL8OhJNHACDoifx3t-DyV2nq3XhbTe8kUshBGeKni2MVrBALKzvvhypJ_aFMeKCZ3VFAD0zaT5KRmiptdB8CW91jDuRam1Ju-GiJMBQr0rRbyKQMBE_SX0ghryWlsNkma',0,1,'2015-10-15 11:40:17'),('APA91bEwU3e_F_wrGSGQLZOabN66gg8DueRUG6EcgM8cGPZWjoP1iO-JOqMlY-dhQX3Vi5NzKu60iGRkWly6mlyozVrpItpGZ8j7A435qhMF-pFL0dwFH3y9RkQ2xDnyg3DQ6JooTP0O',0,5,'2015-10-15 20:35:04'),('APA91bEYqa-T6HoCwEmjm6DKuhRDb0K8p8ilbdQ6ZufsNi5fD-QSF3-IgCFp6kN-fdSuVzLIjHfvV4S1I18xraViUBQXRYM4hmPGfwb7NlWqhzv2_RH1dWcGzpt0_VhOlYpfr4HcEfNn',0,2,'2015-10-15 11:07:53'),('APA91bE3Izq0r48AgApmgHONqTBLLZJWoX3tNEdK93r8xsALNyj4KM9ZGNU22o_4a6Scojqp-2w8FCOeyqk9mY4WeIClT9o5alkMhseoWNCJBmt_ORV8wP7Z01_E9dkLZEcmu6XHilBv',0,1,'2015-10-15 14:04:28'),('APA91bEFtvUxPxP8EAD78t8WzIBdgh3qgQfIE7BpmEueMmw8rrrPT6t0_osCCmGsCj-rZo-smVm6yeDRasfWWptoLK9HA4J93JsgjzVjgCftJ5mI9dO86q7FypvD7g2RFWhykmVYzXkg',0,1,'2015-10-15 14:14:23'),('APA91bE07ScNR5sMlcnYvIA7VHXG_xLmzl5PUBHVBYM4t18f9NE3yWjpjlRux3SA55Js0qQURuUvEkZsbRZeeo8d3O4lxSZR8pPF9mTc1VSnlK63hh40PDhkRBdCN5Z6IwNOR5C5xPxu',0,1,'2015-10-15 14:25:59'),('APA91bHjHApZY3ML56L4X7JsR4mwzLlJTsNSOfAmNPdNP1cz-rYsAtmxZLkIL-rQSmmQpUiuMLu-aDfhuf-11Ks2mxp963JPhuWtbskD5AodL3a5NhnWAn2aJPoAXsv_OyJpgf8S7pxv',0,1,'2015-10-15 17:11:01'),('APA91bF28KlqVkroOXnLlCQoDgMGTqweI7kyrVvnlaqQU5q2vVLzbVeCieDAh3KGKjy8mYBiup50ulk18mKbkSsEy6yDziKLkkowGtPm7mJwYtWuoKIPSKap_8zNWscEA1VmicpNbMdY',0,2,'2015-10-15 17:09:29'),('APA91bHrA5sfNWq1BaQiC39LEYx-0VEXZCqMAAUlPZz97zElG8Dymw0BpcmTr-iLrqec38lPlCTVi_kQD7ZaNZu1xni_oTi9mS__8dD4PYzsOoaG-eXHmPYBTGzIAK_34oNhyrhJL2TU',0,2,'2015-10-15 18:24:43'),('APA91bEKT4zPgyecf1JaQircDkW_R07WLxuEpJYeCQXDb0U7Afh2Ab8VA0ogjzjjbDwiztly8sRwTrC_PpjzlCmjNkgrr66U-sfKfdV64MSY4hey6zt-lq2vIiEU00KZcMRtkr2kcs-R',0,1,'2015-10-15 18:33:10'),('APA91bEi71UJrBqZ6IH1nxACQboGTe1Yi5cVYf4jdEufAW0iMsYWU8bFqjWAXzweZGJEx-s2oMCvNy6Cy_oFExhKLwzMROkUKcZTZUn68dPUurwff8Iyql4E9PUyOzTNwjZ3K1_okwIM',0,2,'2015-10-15 20:01:58'),('APA91bFCaRpP_bdOKNOhEXwYt19x9O8Lcl42v9Ad8adgTqE-zjF5hRrHl7x_a4GfM_gUd-SIjRV6TqDUveAiZoEvmTioLPxI_XENrwRAgvUrseVV2cPzaDz1NHkccHHEjE3Qz8tas4XH',0,2,'2015-10-17 13:56:36'),('APA91bGmOr5Sotwsf_dn7nOnqgbUMht4WTZmBsp_r73mUSOzF2ZCmKTFys7uuUSjMiUssoGD487tXUmcqePHLTVmIn681jr9UaN9S-B8eX5hyPMSPQ7ysSrXT1WMKprfS005HKtMCFma',0,1,'2015-10-16 12:46:13'),('APA91bE2sRS9BR4upw8MN5BM4dOJen7KcbODTbyTzdsGGZjz7b-ljZLWWjf0jDKlvsI_1wtEXWNPwa3AB9nA3QK8UUpE4Tj__VNQT3Cu-2rXEV2-V51kc5Dsnlq_CVT1d-GH0ovIwLJ4',0,6,'2015-10-16 18:21:43'),('APA91bFnB4pTDBZPKnR7XNftLvF2UJp-7BzVwmgIpmAIztrZgI56OMQenZ-AcCv_KdT49VeMlgkhJXfHjv7fij9_kweFyl17lmFhXgIwTZ02MhsXptJNUV2iRJDFwjsRgm8QAhjK6IA6',0,6,'2015-10-16 14:49:22'),('APA91bFMdzyP3vIPe9WvoioU2d-b_Qvfhezt5YJ8Fys-A8qIWPiEQPvzOiAqlez4Fez3a6VJcsGyqJq_ElWR0pP4_tX92usaxokIPvDvz96qWVEJcf0t4NCss2EJSrSkFu-ikseZOOBW',0,7,'2015-10-19 16:24:11'),('APA91bFTC_-DGOlq9XAMfGdMrKFvegaUxHIbGr5CSa9Y4G0HMkJe6gksDykr46ba7DtYNiexylgMFEg1cjZxSoElbIHyZ7opnhk1V8AJA_iVbwcVlCv8l0eu87NeefTLTwqZ4rR0esqS',0,1,'2015-10-16 16:05:38'),('APA91bEkSlUZ8agvDAjhZZPOfFpBTdSz8YXv6n5KomljdYoDtau4XssjZpHcqLtDgP-IIzt4vufVmx1NAXKpy3VH7v0VVey-ODQpEHsFYxie0Uke46rti0aS6K1Nju9buiYcxJ5jIPeD',0,1,'2015-10-16 16:33:33'),('APA91bG1rfxfovrUxl0RBUm51JJ1iGvh2xCwt_Fa0dYXnUazye1vd71Oi53ch_UbpMqHg5jPi44HcjzXSsIJlaiSHRPh0__kvY6Tp1L6T55n0vMZMC6WEmjrwFnR_ZCrSK3V3_O25pZV',0,1,'2015-10-16 17:10:17'),('APA91bE8pAXWyTQ53VOgDglVHsoNBzMcqL5yzir1kE1Zb4Pur_ieo4qBmvQNFTGBqWoHOCbFRMGvZdTBaE9GtL5BybnhK9OuZEHJpT52qr0NqDqaIhFCpstf7aetoWR2FL0ZixRtKpIv',0,1,'2015-10-16 17:33:38'),('APA91bFHSw38vGheBYotdP5Ufo-WQPJGIgPu824AkjflsS2u017iZ_JNp3B_p8LRcrD4l9PgZmFSfihV0XN9o5IkazEo2Vd0UjN51VRR8w-OND4DMIaEeV63Eyr_9eCWLWu4MjFRQv4m',0,1,'2015-10-16 17:44:01'),('APA91bGOtozeXSwAmMS9IOKsSJ_n5CCBc7E1q0k1hwHPEhiEYQvYJsZZTPY_PHyV-tOZPcQHL6uq8dB9Xc7C_jnz-C2_iOLKfh8vTM0dEJilbKHVzhMlorp6-8OO0eWSlVDMZFAqXjN3',0,1,'2015-10-16 17:56:18'),('APA91bGp8hp123n0tRhVQBHTqV4XrR9404iFcFLJ0j9XhTAKizAtYdBwoFOIXTOolo218sJz_miikCsNbrGX3XjxvbTG3pcUJsJE3sVcCvXvv_ibKwHJO94NXMLkI31eDstkuZN39awy',0,1,'2015-10-16 21:50:52'),('APA91bG9KDdMBdg_exzKBq4gwN1wRdrG84Rv2a9TDAMbuOpwkxJWVO8BgGg1mMO-n00cQKOVl0RtnAgTTugQduU2TpXlmYK-U0dzYvNYuQZOf8OInzfa2KoWdTIfXGPeIE3nvMMNCrdn',0,3,'2015-10-16 21:30:56'),('APA91bE9fyn2B1zMhSDUQX_uOkJDtcuIhsQtVZp5pzD7Wjk5Xg-4iYfMZ5p2nk4JiHcIz3Nu7fS3AGAL-7ZNSzc6psAPBnWF3N2oIYNM78VVFazvxjuynl-YeIsgs3nE04UXhDK-mgO2',0,3,'2015-10-16 21:38:23'),('APA91bGM9B2qP6qaWgeIhhftWOEllELks6uapHmKoIkdQOvb66FgR3Jm3Tlsc2zj6JcRboKNqyDNZapmUeYCf_90IjdPiZ4wgldxYOCkZd0xX0f-sm4SXyOBgtnZGmIKi18pndbe-QYL',0,3,'2015-10-16 21:50:54'),('APA91bHs0Iam0W38M4Hhl8oFpILfdpHYavN4s9Cw_CkYjwEUP5EHcLUG8dVCk5Qp8FjWEs6gxwQ_uac7Uq7h-Ag6Oz_8t-bPHB8IEQJz-jgFf1pCc1lGmtrjpFv6guYEo-CpTYoFTt8C',0,3,'2015-10-16 22:02:05'),('APA91bHJK5RoBgKasSv1CJmdJxpLvHotqqUFxZaMTmZFcqcNDFPusaI1P8K_PKNeJEORltpp7W1QWZyFiU0dJwQZdi2XAnBcJx2DQl-4SrPRG993UKWk9kzL7b9jQCJzNZsPL7zR3mkI',0,3,'2015-10-16 22:39:08'),('APA91bG8mNKvbfxlZDp-tkxpDS25vTUm6DSOxx0pSr1tQ1XZgIBwJCkvCkXG-5n55_8GMrg8yF2XbOMEV6gFOqu_B3PtOac5WgZv3oTJcNyaqJU9BYqGsyZJItdjvMA7nexwhSH1UnO6',0,3,'2015-10-16 22:43:25'),('APA91bGMFihsj7P34sOof760_hwjCGN8WYuoLBM0WHrDaSp5K75q3vdllXu_F57PzWMoDun6duqpXgQQolS5HkJBgIDWDpCR_mKCf9yv9W_19ejb1PUqX6avcgVGIIK2cMdPNXfts7O5',0,3,'2015-10-16 22:52:17'),('APA91bEFMeHb5pPeB6pAlA6CoXO40fi8uk6mQO0ge4O0pWi0FhM0Qld9m7_Z_C5tsvVCueBri4BbZyNGQ0536hjeTZkO1iCNjA-tDj9t88nmpV1RMbDPKF1EqSzmOtYDBnOT0jcpGxum',0,3,'2015-10-16 22:53:50'),('APA91bGBMUfIwB5uxCTDZrOXz5-ROCN0SnjzPAyyJc5jFIPiY4Hm9dgzXxAFN_i6_TDhgrtFaQWm0NY0tRcNC9-gBVXH0YeNDVru411gh2bGcMz69k6l4svNdaP1bYTmUqjKTOV9Yep4',0,3,'2015-10-16 22:57:41'),('APA91bHN7Hzxk3Fh7NwB5Ccn0GEvU2b_F7XAfbcrZ6jDmvo_YrQpKNp336kETycib3IcZNr-QNq-K3utZSV0FcYquzKhA45pwt0ozKnHaGnkJtsHATWqtRkyIRvjpTEiPBKUG5mhc0n_',0,3,'2015-10-16 23:05:30'),('APA91bG5YNfdXzZ3RjJOplogCGYMeCGWt92ifUlChybNeLCk6UO9uGcrFrywEzBMAQ6QHob-GUpfILFLkAbH43zzoQ4GPq9oiWRllDRAhC5PM7MnQ1BpJNzE4R4Y-JswURHojJRWoNpk',0,3,'2015-10-16 23:17:40'),('APA91bFCaUfoTq1f1trAFx7COxgWHBrkyhoGwO4Xlz0Ydg0H47HJWL-Kw2ULlO8Ncgt_Q0U_aTimWlwUOB71fhG_QXWzQLFxZn2qimJ_u30lgnQn2FdqeCpeoXvoy5UB7DjY_g1PJpiL',0,1,'2015-10-17 12:24:07'),('APA91bFkj0IMsHvVhs7V2ENWiyJq2f6MxWzf0cWmYkLgSN93oW2b8P2EQzPFmFaCfUXbxptfcMW9s3imwMq4GK6yEesUBrWv1UhbKnvArWwpd4gsD9EBAU99foEIHIXUs5W-oUmMlDJM',0,8,'2015-10-17 16:11:20'),('APA91bHbN9pPguiEz2CDg1Zm95Q-qkGQg1i8jnq3jv6vFc3vsMDdD1WI6eoIIlxPJvgXZ7Qdb2x-ZoPgKLEGqwiJT4aMkJU2Ny5yzo-lHGfN2SGUGB7smE6A5kTUiFUKzYYEeTdkQlYm',0,8,'2015-10-17 16:16:40'),('APA91bE9nIJIv5YcnQwTlK6QHClNnK0ONvWqvzaqZRZDwTaSWizQ309w_5BoEHpOwaDy4NWh6NeaCFXSes1C-pUWKr5FLbO-X6DpebJiFBAx26GARrM72u9YBK8APcu7Nt-ZcQAZhLV9',0,8,'2015-10-17 17:40:42'),('APA91bEUAiTDNziaMmEMCsdQdbP7fh848one4S05_1omj4sYABjxJf94TZKwP8sbu6NMbI2jZ8JkGC5oPmv-zUtvgPwJjXpJReMVw4gjMR0lIJHZOxH649P9xMXh3uHsE-Xwsallu-BH',0,8,'2015-10-17 18:32:36'),('APA91bErwTPjjH62ZpWGGxSn16DZeybuPC5oj_2ZA8GZ27TPY6ksxlF0MnyIbA6qJu6zy7FWGKygLMUpiGTk8nqbgqkceIlqsLGuDuoEGH8qNPO0WzciTXcvAteNOkxg8zIRhxh1YIkp',0,4,'2015-10-17 20:37:08'),('APA91bF39Yq7V5krtCDQx8S1KmHoc1RTHvc3Ql3HWUoH0e275_bHYVfdi-6g-wruZkFvMd_n4PAIVZADApI2s5OA8rCrXXZueq3Nx_LO-mRaYdbuzLY7BmJ9BEOHF658ca_l0J_bvtnw',0,1,'2015-10-17 18:51:46'),('APA91bGRP7WlsHDF2PneTTbfL8bm1E7xTtry1Gy7YMYywBqRCX5o1U0ht5YEjefz709Ng6kYPwlqehdlwoUyQ3PsqPxzWzyARTUMWGaujYJhV7IuARH_OagVo5Y9Fe9pWsIA7yj1ML95',0,9,'2015-10-17 18:44:19'),('APA91bHglaYa7bAqhv-Z8xg6TLrNNSxuOH4BwUI4bnm3ihRQ9IGJhLa_rKtVNlu7gM7YNh0WA9MGvRoNd768UgNb_uZiBp4ZHiz9SBCsudGuw7Zn2jL6j1VgurFxX0x4eTm-UZ2fKzkF',0,2,'2015-10-17 18:50:00'),('APA91bFW9W4t9YYVsby5xM2SDhwOYRLIiNkrHueLKn0qHLV4n-epBbL5sd4NNXGvdKoHg99xPDII2fdzmvc8wqZH89Ef2_jtcX6wYLmndo9q0_luYfBrK7DbgpmbQi30i6fZejtgAWze',0,8,'2015-10-17 19:04:18'),('APA91bF5wwXnMMovpjidZL2oGfIQ05j9VjnEN6CsL_9NU8GnZC7LrOJt2Uvb-6mXJSMx-cI9ihVl5tku2g_GyiqF3qg762qf4UQiFLo_K4fsZ6W0CDSeP44w7FxmP5V1TXmvhzrS9mXW',0,1,'2015-10-19 10:49:24'),('APA91bFWFciK9_joefyUL-sCT_qD6Z3VObO2cH61tLyl33aw4q5f1tsnTy9GcZ6Dk19gdMTHmPClOJ8izLDT8oWrfpvXZWXaOfbc_7_9O8BeDskDBKdg-rfyGXMSGdyv-FTCUm7gCw9-',0,2,'2015-10-17 20:34:30'),('APA91bHt-i0kdb5UvZaE3VUdQt5y8KwwYPkz60p69aS1WcfWHZxD_d1vij-ot1vMwJSUHdFwpntCRqjh3ewziiYUe9iGK9vsBFkh4fthHVST_TdOng5KB7f2vyw_AfJC6NDV6chv_3P8',0,9,'2015-10-17 19:17:46'),('APA91bGhvvgBPbruRdok8MEPhh8SM9FDNmXSM_ndC_HytkeXN0WPlTqOwlOipj1o9aSV-Ui4kMqbBtsWjKWycjdfssKLW7sbD6qvXqT8LMXnDv3l83DZJvX6A4h2dywrfU_kmkU9rgLe',0,9,'2015-10-19 14:50:45'),('APA91bGLdDSJtKe-lJf-CVCMKDr6KyYAd4J7VT16LnAghJfzP0dvYcq0vySM9Ji0rHX2uze8dFzSC8W9SIuK70R9aWesLuxPzahgbyn49fEQAy-yQfo_acDS7BOUvg3_-_3qDa23w4k_',0,4,'2015-10-20 16:01:38'),('APA91bHWN-7Wx6R-p_8T_ulnTW4YOxdeiRH1u5msGemiXTCuYGWB_136i8WGjOizRtIQVRnDnoM6NC3jgOOCHH-i2PVF2ZAQj2tKA71iDyhyNUe1cg7GshsCTDK6E1GnBjKpENPZpDbp',0,2,'2015-10-19 11:23:13'),('APA91bEve9a1ef4B34YRAj63Kzzzv18unMGifoSYSrroCPzHk84cXpJ2TKsVY7_U_76T1k69oYPykyIhmkEWaPSoTA57CUj4PcxZo14-0gt5XLDymw7_JjfU2AxIZpEo6C9PDpi_jY4_',0,8,'2015-10-17 20:58:54'),('APA91bE9RHGuLy05tXOBs4ZD2ty66Q2Pci33-BouPOCg2laT6r1rJBSYz6YXQVOLk-KxmrbYhBzDsCOXf7ildTXltq3zMnPXf0jFBJrOsDWQU-1AM29_OcZ9zszeXGPlA1Q4DTNP7fXQ',0,3,'2015-10-19 11:12:38'),('APA91bE--NHoYmfn0r38B0ffOXU6Am401GtTdiMKiNgyBOdeRwht4XBxN50dHjq6cEraQ6WwlM4deaL_ZH4NUfyPuNk0X78vZC8JhMh9QHZkiQAi9R8URXqlShzLIo9Ms1Es-QDagIo_',0,6,'2015-10-21 15:49:01'),('APA91bFtiUILqqKi0Z1E9969clBXppdcCRynmkxnO1KsoAOumE8AAWoQU7wQcgFbghlSsSwPpVv8f2vy5zqj1SMP4lrN-5xXNL1_W4vjbi7AWvBnklSAO9BVTL2AygujFRTMjEghPRyM',0,8,'2015-10-17 22:37:42'),('APA91bE7rEBn6ofQQtsaGYioYN3_NItaGWlVfNPN882QYcEd2U047jEHXBwq_m-jCKhXDO2KWLJuHI0eGtHACH2k-_9FvPywgwYtHS4GjVEhc7EHLdaJE5XZOUrWIbOsWtEJsDxQm08n',0,1,'2015-10-19 18:39:08'),('APA91bHFFXiWEQkMqM0DkGizKH7rw1GtDv7u2P7OKSy1lPxayspPYAfNfJ_WC3IqX8zfgN8fWSzue7A2VCWps3v7_tfApIVeuWA8v1_hE8RRPF-TwZ0lvH0GWyGlt9PCOlYIDYcHTRiz',0,10,'2015-10-19 13:12:57'),('APA91bGQv06EiVy03KpQmh1jRb02HheG3I7nKN4n4-vnAMGremyU3VYcNii1ryz3iSVyOXzymi7HM_LCg5eEtGsj4DE3yT1U_3Z7vl9IPw_XmuXhR5PUqBQ3v3fvJe1pGopiAv0PJocl',0,2,'2015-10-19 15:35:12'),('APA91bGLfTCHWNFwM1AUY7e11fsEDQ4QrRHCuRNAux8a730aPsO7GOdOlD_r5Zqpfcql0LlH5GtsME7pPJM2-SW-v4m3jrYiKKWSYhb6QYUf2oVf1vsjfRcNbOsGg_1YxEP4Eq-tBcaK',0,6,'2015-10-19 17:40:11'),('APA91bGaAB6Q-bW4HDiGiyYCQdfZdmaPqBHoAUKpFcfuO5arJmOBcpSoZWNM-lN3bpoVnI7--7bo7b7bxHjVdYJqAyvsy__1gANPhMWEtmFXs4mmvE1tE--AarCG7JxuwRvM1jq7etvo',0,10,'2015-10-19 16:03:42'),('APA91bEFzSa-ip9SgHbKiiZwl58LHEA7EtLUmlONrinn-zONfHXPpSnh3k3g-iBhoCWHbRNpQG8KCqXrVHTBhqEHcVMPCGtv3IdD01N5gP81EaIETqs_FiTlqqJq2Geikv94Cj3wUDQq',0,2,'2015-10-19 17:45:37'),('APA91bF7H9OycnbPXFW-Qpt4wQdnBgmsw-rpp9MR3EFzZuuB1Iu-0ga90x_8I0yp41WSdYUdxz_hRE94pXnzYkRbgyr2IKe3fVG-A8clH6-Mf4UtFgHaxAJ1YrVX9Py1fJ_pv19zDOU8',0,10,'2015-10-19 17:11:26'),('APA91bFQrXh6eFG4Ouy14jQQ2sqOLZq_8-d2VoxZd7yYNARG04Zru-uKYZyLoD7P9sqfUj3gMDm3rc9Ancl3GoRFpYSYRYkVoQ5nghvdWAsUdnXi1ZSI8HhSchrXaEZF7SPt3cpQ6jeS',0,9,'2015-10-19 17:42:39'),('APA91bHbx5IvEoyvyEbyTk3bXKetB1d7u9vnoD06sEpMxGwQk55K6_0gvNyGg20gbj9queMZDl12BeAvvdORwdyooLx6bYQ8soyaQsaKMl84Gc49G9sjATARTkjdbfm_ADoDaBDjx-Ao',0,3,'2015-10-19 17:38:13'),('APA91bFBB1JIS8NZpayCpW4AjNfAvSEk2t3j2PKcGU8Jx7xmstWLsXI5ohvq_H9HbYXAixXEA8gGEkkCBQHBgFbQs8YkxeR3rrx7e5KfD8ctPw3DAD67Vx97RzbEbuqqJm_SztZgpqps',0,10,'2015-10-19 17:44:16'),('APA91bFeWrDBmehdvxexoxQNK97KqFuJS74m26iw3NBNueVJCM1FlhMAP4S8j_pYgfHH_RNJ8knXAk6SBw1RFeMMR5cBq4g8mD0ynIKFlrEBOpLwVIPIhJKnKoxJnSNtdNn7NYqbbU-x',0,3,'2015-10-19 17:48:30'),('APA91bHe7ZBfZgH-Ak5sJfRnscjzT818ALerW_e2N2nIUtExTIlNnpZXIoU2_HlQhU8_vI-7qh64RlYSqb0ydIicEbCYophUPgllQogN0hHUUgNMUgESxiiw8CXc9Pi7ZPwTEqCsRFug',0,9,'2015-10-19 19:35:56'),('APA91bFsqYPza2Zs-h-PEZ878cUOjCVRa_TNYkGY2jTTuSAyJm_qDQNlxKx-V9iCkteylNgObeNQ4vFrh67QjPmSrYu2aodHpVnT8GYAf9Ab9pwxISMHLXJlj2QyTyAM1_Ela1IdpMI7',0,3,'2015-10-20 13:22:40'),('APA91bHmbAsQ0vDnEBz54d3UOQyENSaO-tySqK1Usd_GjMVRJePqwc-2GPTAVyRzRTDwPwpzsjyHi797YJMXCy23UclRiA0hHLil1MXpCbFjQyxeHh7Z1kvc-GPDRawFNC0ZUCAchZ6c',0,2,'2015-10-20 13:57:08'),('APA91bFEyg6d5Ehe2PQ-6mgucoumJclP_lgd7GNyD99ijZgE58zY94v98COMr2TfLc4BurXpFZ_7gTfr08kmO--zxv8Tr9w-xqDLkm8CHcdg36W6v4hVpKWJkvlzig1FBmfFGOo9KPrt',0,5,'2015-10-19 19:37:48'),('APA91bFaC4a20Cb8LOX3BcgUsgYYeIkN26OQo-LsSNWdBjTEUnzHOHQMnHMiVOR9qrqrVeiAbUahimCQ_dGsV1QMqXuRYBcdCBetOYL0H_iCIz6IJtw_rQqxSeRMWQNd_SytR-EqvDvW',0,1,'2015-10-20 16:44:59'),('APA91bHdYZhFDts4VsCoHyKRqLeIzC8IvjREEfuw5ROVU1qvc44cTJb7gSprycRREzw6nxIg7aO3v9w6pPklUXbYwMI8GH7gW-IY-5yAHkv9RJKK0V1tNwWyVBd41od6EXp7tfcWMdHJ',0,11,'2015-10-20 14:24:04'),('APA91bG6VP8W_Mc4_xDMlI9lLpK0-Xu__r7B0NbkXxjjDvmfUuBGD3XVbCM_qay_H1dAbuYFjoj08n8L-XXH9hLY6ImCZNljz1Y3RPN5y9krCRWW973fFrotJCzw-HvrSY6Nf-f83p4_',0,3,'2015-10-20 15:49:43'),('APA91bHWR9-wMy4hrx6DzUaFQNOjhynpcpKDAeURfTeygLRz47AZobuxMEjORtNBGr5gKdDb1pfm724fiuQD1z6JHOVM9aF7cjEmKrcpaISTcLU6rypCrq598YxBuZuI-lnMx_gwPAHZ',0,2,'2015-10-20 14:43:06'),('APA91bH09yMapYQewRd7owUxa9hjPc8CHvW3JdNXMnJL6d0PYUXLqdMHE_9hsXisZZCoxOGdMmkcMrm4IU0xOgqdOXLaEr_rQ7n4malV2QQsuG8I_qDGfggpwpohXws_AFkDaJDp4g3M',0,11,'2015-10-20 15:46:02'),('APA91bGu7FiH1fY7MplQEFXXNxrMirdbqSTptS3E86BCJgMbhJ5CAJSK54l_fLOdekB4kag-00SkkGP9POMLUMaYAWZkO3txVovufHAjyZcfN_kZCHdXEYs86pqLFE-gJvv5bhUwbUz2',0,11,'2015-10-20 15:52:26'),('APA91bGNWDzDRqcTZl3NOzucqNvTBo7u9MQRDyHN18UhPlwiXof70t-gG71ilJ-ZrvDM7Aemv69maL2uXOz278RZc_0bwuC67NrULjTmSWN3EnKz4i7KkXUImm1xP7BxTWnOw2HjXKNf',0,11,'2015-10-20 15:57:47'),('APA91bEXB62zR1k5OH-vkK0ZXOsAzSH5-NOU5zneBUBVhM96WzF8mJMPcR-xmyQsyYujRHzwuGzP7hFZG0_U12c06x4Nxk_XTlW9SkeUR1tAe4NXeNamvg5t2w6fKWINiyXCktcztujW',0,11,'2015-10-20 16:55:20'),('APA91bE12jeYoa28EgtE18AtEqakLfc9NVfJM1GTdVTVdX2EM2nLTnnQ9F4l5PYwNVUHWdM7NI7k3nJnzsvliBrmTIaTjKHRqnV665Q9ejvSNRdTuFglQAODkrF5XWAZN7puXotCo_iY',0,3,'2015-10-21 11:20:51'),('APA91bGKq3y_N-98kA1ECEiStWiA6pbIlCbTqitHWHy4HXa4VjSs0hXqj3VHSpD6UJuHnCvjzORnk98RzcfpoG70hJ92E_EyQ4bQ-m_OAkb7PzRMKA--HGgXxt4s-EgF_rUjCpAZl29x',0,11,'2015-10-20 17:22:44'),('APA91bHxQK03xnW8-ZRjUhwEBq1ddg-8tX3cCgoUwCONxNrId7wrgho3JSCwHRcwkvmqvQZl3UQZv6Ca-atjeT8DlUSlCDtofCZIDarXbQCAVIciJEgWHFVtkszbUqWTT_GZdBq8pwZS',0,2,'2015-10-20 17:16:11'),('APA91bHA61RBYO9KRX3eDJMC2xwQaYVoinPpxRY3Wpw4E-p_KbAb9VGl-syRzoZzVTiblMFDjIT957g4gf9_p1Bg6gOSMMxTwnboP8Dh0Jod6kDsyJc7nSArXiTKudeYybkUVfgyIles',0,2,'2015-10-20 17:18:19'),('APA91bHQHPInXVl9ydon0GYpwJVdfyoQC8d13z_SO5trI__GetRuHwJsj6rVHnuiYZyWrdWXFAOxI7FGtOX7L0DJUBihyzLUf_a0qdMpL67PWbCapK8NvQEX0dh_L9qaHKFOHAD7bkP7',0,7,'2015-10-21 18:30:26'),('APA91bH_5ItYPNCC6PceeOj4T9p2jVvbebHT8WQPVdLyZ4BO8RS0c7rUuTJrBeMco5NuGWp-tpDqZO5P-cx9zP69GHHXD4lebD7XhgTZEI5iLL1MShscLmyIutmBNr5THZ85npp6ke3H',0,1,'2015-10-21 11:46:45'),('APA91bGe8SafA_4FgdF1pK5m9sHk5-5QHmf8835KW_hmI259ATwHcuQ5cz_KmmUP5WptncEoeWxTLsEhsaDYp7D2PGEKqbqdAe8ASIYfbi3FuidRJIusX8OuKvVG6D2l3400dZBjlVB9',0,2,'2015-10-21 16:00:27'),('APA91bFg-UUK6FluTL_kN4bYpSSmb_LBcw-pdvc1FUaog-Dfgs9yOpOlSfvrfe79ZHOJ5dsaN5L0mnoZUeZHSi66XiHJufXR6Lq8xkWesLcdrsJ4qxH9lIOPGhDzW2bZY9HDMjgdB-dJ',0,2,'2015-10-21 16:32:02'),('APA91bFqoIGe09vIw13qeKZfxiNjBAQRkV2JPzBYN5T4b7d9VFV4JscrrbWtFHwb0SH9bhfh8NOMDMGsPtRPS7kiujloJ1DR9XOw2knOfAQAFxawUXz-olwLfKKJYUGXiyIO-RTA_F4E',0,1,'2015-10-21 17:58:00'),('APA91bFPSrn5yfmMnN0iRF9hEwO-V5gtkQ80L0lYf7DHHqvKxe4Kt-UQJpHEuI0I4eJoPDcyeTTFe9ldTH5elim78oeCVlzIMU5JliUFhDeGNElB06eXW99LWIyzxtyKGVqQAmeHMVJl',0,2,'2015-10-21 17:41:54'),('APA91bGM5rPEuxlUZbjbfm2ZFvqtEwIv7kBTTUQt-xDuF8hyldaPEePFoUBJ-PRMnktwIZ5q1W1zWa29GgGMNmjy_xjj3Mlk_6y-E97saWfJ6PMovnXdkKM_AEwieMM6V9WltIKfTK69',0,2,'2015-10-21 18:03:58'),('APA91bFMIxnZtmme0qB9_cGanZn1tYSf9bciwnTb5s95sl3otsXhRyYD3o_eDGeasI1bT6P2LlRU0JXeiXrSWxezNJas0kFFMU2WLkrCTDgGtP5n68sHYl2iTAUVdg3I3cUM-1CWh8fr',0,2,'2015-10-21 18:18:25'),('APA91bF0K2h1dggO5hjzqz0il2gfNoud61fmawSi3oox0XqcojHr_5Lp4MyQKB_dKl_klP-q6QPXdWUGqTQ7XDioIGofImVEGoU3itpAmSVP0GPlDFGKymBgcg8ajduxHERc4qdnwAvo',0,11,'2015-10-21 18:36:04'),('APA91bF68Y0D4pOD0LlZPyC8n7JLYZl07dopt3UISWZvQ1VyMe1SEgCMONuLsftmwTAjTjnZAFciT3ZGISAashEEYkM-wc_MhITvU-U56348DCL9hwSCyZ6GJpHg8V3pSHNTZ1HmHcsv',0,4,'2015-10-21 18:42:41'),('APA91bH84FbKm_aVNRZrUp6y71BdD0RAa27ruCOTjYrJc4UC3EDeP0_AQMIzrh0v6fbypkeitCLRVywDCMmueKq6J2yPpfr0RoEUYbZPCtFPh3VFApdGF_jX5DuGT-AfZKhn-_-aVcBE',0,3,'2015-10-21 18:38:58'),('APA91bGLsd6qrLsIDIyqAWPlEWu2hjPjp7kx3Ct0d3IpKvrKyb1OgEIie3GukUbUxZMUOD1S5iFnrjsz5KgHogmj_Znor5muqnhZvfbrsAllAKlT1AYVZlHVkJXFa3_EumstUv2YTCcv',0,12,'2015-10-22 09:46:25'),('APA91bFtIqK_EdgMT5b1sByP-nqIhZBmRs9grsKJs4UEP0CLdTq-Wullnx9nuxa5ZtqAbBPkpvCFFW-R_Kqq7CYYEJBQDbbBmr2xo_TJPFaICuVt48_ieWU5tx412C-JdscOemeuCH_L',0,2,'2015-10-21 18:38:58'),('APA91bHaG6BZJ4pj0ZG5AOXqknq2yHCJ3xdAPsaBvClMs7Z99GQD75VYmuYyTlBH8apWeicrBzUfzvyB4ZTtbT5oP8iOFiBzbl6ZB3LBPNiFzuVzuQnqB8tws7maI9NnytE-6DXzTEx5',0,11,'2015-10-21 18:41:28'),('APA91bHxJDKOUNq3otNoxG4evLt3_SSlsaQLHCRfI5ZkzpgHP-NtAmdqu6v3kzHZ0q7W5IGoLASmNY3ZkhRM6FBSVfI12p5tfrA_IhqRucNBQlxltxK1XYtErdDYfSl3Y5jaH9WsWy0a',0,2,'2015-10-21 18:50:21'),('APA91bGvKEmCu8TWpByknnYt7KHkHdddQV5BcpTQrZs-22h1_1DqllNnZvsPT9WFwTIEe7_IfcHGUGnWal2Ui0bPI5ZcS6YX5JY44c7esqGDNKDRtGJUZfrBX9WK0ZR_dKSQf0aiHLhv',0,11,'2015-10-21 18:57:44'),('APA91bHXwB2ur2Z7EGBDIidHoAZugbOJmeLdl_VUrFRA7nkJMFYYxXeYyy_zDXuzPHnyBaxC7ZiQX1NAJxaB1r5nvasZkXS7JHXl6-F03_Y0Kev5tORIhG-d0p8ltdpaY2KUMjrap0ag',0,2,'2015-10-21 19:08:02'),('APA91bHbzAb8cvOEYndRj6kywOvPkIaaT96UYxnqaA8evmenRqMmzFyNyu8OQDt9TUDDhx2Mi6YvNSLmtK53Bs87tFLh4R9z6RqP4xjM1__8vFuihY9Uttlv9DORiMqrK1UDIlmQl1aU',0,11,'2015-10-21 19:19:16'),('APA91bE96ktMmuMrJr8gp9I0iGQFocdAh8hjise6IVfoiXFIvEW-0lVXvgOtPqsVCzLG22_yJM933XZLjTKeMwbh_WJC3K8Z9MsXswZOK3lvX0oU6cX5tPgctdNsJe_GaZXHGg-ojeTE',0,10,'2015-10-22 10:18:48'),('APA91bGx5W35je1zPtiKtFTCyiYPkzB6-4LbYIXy4Ey7HXGGwfbN56m22OtWbPfcQ0IXtAAN38cU8-MLk_UovY4MlwO-TW6Pwj7gAnVpAGPoueMhggXRrnem5vj5hbqFYTOYmioqVa2F',0,1,'2015-10-21 19:43:15'),('APA91bElR5WNu8yHCItPJi0tpIKul-xlTJ_yUSTvvchjuJwv7ad_6BwMmyrQip7QcIvzE0HanxLL4gEjQGrLZm7yRYnOD7zqJ4ue_FCZj9Odtxaco3lO8IkyEgh94B0XEnYALWES0yaQ',0,13,'2015-11-05 23:21:08'),('APA91bGwv2nT0MUs0rxgMZzhfdDnbk9qX84SvQTpKaZyPhtWRVTvA0A-_Ccp0g1WaYyZAy-csEI_KFbiRFIaMo0cgKOFmsTcvFq_hdNOPfgc9nkg9mVC8xc7aBE3jzaTafzVup-mnyhq',0,14,'2015-10-21 21:23:12'),('APA91bGzBoXaq86piifVIfzTZfpbD5et1nFd6MC6k6umxnaO3Voo4MUfrvSsN33FeXdsp6lw6eIAYJjVDLCT_bNgPPkeHLNXoIDabXiGmtTWWIung3lv51wqIPEH4fNhT9VPRb4kc1_t',0,15,'2015-12-26 18:31:00'),('APA91bE_qszuhPF6PMDni_Idba0pMDbPRPUXobmfkRXPFxvw9Dfw_GupOxREHXgpWbeSreDLz4DCWA-wa-xFy7mPh9eUwXS9YSGcxWHBbFitB1D32Jqpn1ytX54VY1iQpfdpBtQRhH_7',0,16,'2015-12-20 22:51:16'),('APA91bEqwuDiKrUgUKbq_N5pN-UUClohyNh2msUZuluWOlW1UiKli0Wh2LASQrTB7qvtzBGRU4zueQkVSiJgU2FBY_yx5mYgca_hnBR40HiHKsQ54Y_ykAAJAzntuGRAqi4I6IzpGmP4',0,17,'2015-10-21 22:48:17'),('APA91bEKEeTkiMxFdlbWcYUCSPkCjb9Uj0noK5bxTK8q19kEllyLX_LDr8fpTH9z_faTQUZGPIoPw1PsPajdi4stiCT1LPp4OUB0zy1m9ayunznhTHFKXC-eWFdk7-wWvLl6jmBQqWdJ',0,7,'2015-11-20 14:15:44'),('APA91bEsYfmX3y53xO203ZDmmm5SQVMDDoBfaRQE8JP9xyzkoVzD9VubvrjtSGKa4RTEfCjVVIWsTmF7dJZ9-ZAFfTZlFb7WxFpfazvCgepUHj_V6ugoY3Ho4SxDYHy2I3ofiLJhlYG3',0,18,'2015-11-07 14:05:23'),('APA91bFtjWrOOSGuy4WRfs-Wjetxl5l5uX94fa74zIPX9frk8l2oboQ0c-rCg_Cf8doytsENEQolYZCf_Yh99Ey-YGLd4NN0J2tkXBMYLF5TESZJAvKj-lpKktH1i3qOkd3comzDa5GR',0,19,'2016-01-27 08:42:28'),('APA91bFqu25VCrH99RpQnDuJ8geZnWbJyoehsHlBRZZXUdTQERHWMg1VBa_eSFcfKrH5dr0KKkkU8BUsHoSekI6C3TV94O17NUwKCAR6d4y5QPB5cFYPvmNqAzmxARxUa19ciOzSvyJQ',0,4,'2015-10-22 11:09:37'),('APA91bHT80-HWvWJf69W1FgWJqxEhcBQFKD95spS6LvpZeNqdfRL26VMczVae6Bk3OKPAk6JxlO8csbn3OY31TiSkCA9BoiHhEMG4c2ZV0rl3utuUaOwbMO5XONH7Z6_IUmbsUdJEe93',0,20,'2015-10-25 14:24:11'),('APA91bHS0b4wAfEFwrl1zxaYBcWjz-4L5_V9EJFE5h19GtI6WFsKM7TOvX82bfiFkTOmo3BsMjtf82d97Q7OVIanAAKMJa7ZHBV1KGvLDCxobPqSkH8R5wwBhenRQ0r4atyAKyxuUSaS',0,5,'2015-10-27 14:59:36'),('APA91bF69bajol8sRkEm4fkWE-nyFTf31ECY3xb3faLegoE93x13LnDen5aRdEVv7k-asQMjh34dKRUw8EUmjU75JJqWZUNF1d_h1oBiN2jLgN6PBdorCO0oDdwMPQ8RR2xPMOUn7XGu',0,6,'2015-10-22 10:18:05'),('APA91bGcq1lPD1RW9-tE-7DK8GUDOZcF-kyosVtdb-0-9wS1S817n34ahvAc9BnNiiDKGwfZ-yd5HVjx23SWKRP23vTHJhO091gRPZIey_64TiyzuZvHbYa1rIcQGkBSlNoG8_n5Fbn7',0,21,'2015-10-22 10:32:08'),('APA91bGtb_9iK_bLqSy99uhGHda4Hj8pOEGhg4bAsopyCxJLTe2tbxjvn8QgOqS8xhNo63Vrs9QugJSjPdTJ7RsYl1k_9Pdx760yFA_WWXAYrOAqKMpaiRt0i6hNtUQ5Nc6rgIVG6AEx',0,1,'2015-10-22 11:30:56'),('APA91bHa5ovVtZ1osQHAF4Z7mczsJMt8-Srmp2R-4pRTP0B7eQl8WYbzGQYBLXvpOs1iY5PJdOlfHlpdbjdiCsnYdlPHNYAY-zUfaW7hzSmM0z2ML7youC_GXvVgZc_yAyveQnpipPRZ',0,3,'2015-10-23 13:25:40'),('APA91bFHCRsDq-I8PhkwUVx9UIdqmGaD8dJsd2pa7hqOhc0BmVfIcWGTGQS7Fp4v_LpA18rHNt2OSqJj1RFz77Mm1SvL3ltKk6OWJhMs6lKP9jHGh3IRnK1C6KLmx8uYhLy93Lu1UjGT',0,22,'2015-10-28 19:01:56'),('APA91bHVhjK2EjXKjZObkLYWzL9ZzkPE94s63jRETHiBQ8Db8e_Mcgwv2-jADwgJN2pAbNPcK6Y9EabTVMg3ckormCafS8wX6YsloeJfzDFGyuRcU-4Hto_VBbkKRY4Oho5ozGRIbeuj',0,10,'2015-10-22 11:05:39'),('APA91bHNxnzkg8KxPFn2iA7DFZtELzIJEYM02fnJkQNDRAiNRK_t-osrbDj5XoRbs3Okm6qNz4LWq1yYSl5KWhxG9EekglIWQZO6bY-RHMg54RoMQTN4av71RbN1zWELzPcq7UclbxKo',0,23,'2016-10-30 16:12:24'),('APA91bHDvBfGWQ61vSLb7fHp40C7OTDZOSrV7QSmS4g-iE1EQW2w8VzwJsuf6DuviucEK3tHWPNQwT2LzxW5QvRzsHTEHQsSPm8aeLW4oIuKBQlsA4T8yy1OW_MqZm1GFk8u1-w1rixG',0,24,'2015-10-29 14:45:42'),('APA91bHKpd6iCV_G_6xzRRIAY9zGr3I6u9TEG-ZqG2v2RK09ipwMa2Ju0QbjcTw7-d-PAMBSCJnX228wvNmV07Op0GeQCJoOFV4NOiJzIwg2m4XZ5_5T9qD-M6es1H5y4v8gaWLpP_DI',0,6,'2015-10-23 10:32:40'),('APA91bGKlAqsZsxr4ijsEpn0X1l0x0FeAyoWgJaqEh8Xq44IIIGQ2rKD5Y8eDKn9EZ4fIivXUpI6b3CGdnd21Duy5BeibojOKwDDyydX3ol1BgW6HJB9jcuxJK0xHzniB7DfYaB7li9Q',0,11,'2015-10-22 11:50:48'),('APA91bG6I-MBXQNI5K3fPQhRAQIRUq4JCZ70Iv8Og41vuDj-TqLpXJyHARg24Pi7fPtMZ3eScG10s1l6WLECc2lLsCRW1d8w9622M55BQLdG8iRzA5fcylCjxkOomMa0o1YD9j3Jaj68',0,1,'2015-10-27 11:28:44'),('APA91bETpzwrkemNwFVwcbrIBYc6y5KSziLz5H9j-A2yXgUq7Zgg14I7FKWsSAEL0QPFnVfGLCe4zhF9bhTRFZ4alWzd-kJ4zHXjzQAEy99aIX8IhwwlukBz6lmF4QIybdANqYhJomSe',0,25,'2015-11-19 11:20:04'),('APA91bGTpAZmTHgR3JiT9mZ9tKhC_5YOsGHmSflaBQDV5KTOKngK4_FZNwB2joY8Zdbif8S5_VyjyFRV4Zi-2UimrFrfqXLdmMbiz8MTedgdwTAQeLyI6qJRYzYB7T502jZFBGcCTMWa',0,26,'2015-10-22 12:45:05'),('APA91bHNOMiiTp5EfXaNUyzgpq4xJWEnqD28YnLBCiNI_pa-sD0UPkTPNokxNhZ2CgFzaLf66D1iFU7RxbZ115GgE7EEHvH_7DaNvKqpR5-igKrKkbEh2QpF8-OH13qMlN1zxB5r-1BY',0,27,'2015-10-28 20:28:12'),('APA91bG9Yz1OZnjXSQz4ryUIYbXzyMn23ROV8KVgSA-e3XRYbX62bBlgZuguz1hpKg6c_WSo9GOnCKwMxS9IoRaZ89wSnLt4jnkF6tGsaFtWNLbVubjlmUI5h1VTGQT6l_4p4rr2gK7z',0,28,'2015-10-28 22:07:18'),('APA91bFDR5wIXNo78sw1JXQCWxCXjPp9Kyr2L8GXiWMg_gFXOXF4Tu4EQ5DL-V2rzLPVGrQhcSTD8xf4ZgsXSfD_V6RscKZpSWPcD2hHt6LiFavkRHoBzPWiPc3X410k5MNuFATG29XD',0,29,'2015-10-22 22:07:21'),('APA91bHmJe5YUonp0nqa4VBvYt6xWjPkqfHenzdeHPkAC5Bkh4dAJt3XRjRGnZpADTmH4ns00dOjyk21WgP3it1fSXyyfU9myNRPeuvbibT4C7oF11-sOetvz-XyuGjJpJin4AYJpkkD',0,11,'2015-10-22 13:28:43'),('APA91bETAin6fUr1dK5lFrz9zJ1z97UkXCWQgMhCXLeiUtRw6mdDc4PtG4n33WEqwTq_h8dhcaOFMCFM5dYOJTHz_6Bfk5PesbwNTPLVOqFm-loQyW7PPAv3qVUX0lEP5YWWPN21AB8h',0,11,'2015-10-22 14:24:46'),('APA91bGLEoLtjAldA_lm7ucjk2uXQ9VorWx_nrcgix5vqaIMTjSor5JBmVQbPJxGBZ3-9F8u8yho6BGU3OH7CuFsHpaePn8hADgiHIE2VYz9pR59dH21gE2SQRhJKpU6Wo3qyKF91P8K',0,30,'2015-11-06 02:12:41'),('APA91bHuhxtxaqvGeaQZG8PkzWPmLwt3X0U4Hx6Gez_ru_734B3CV0KwbsMTdz_OFAXqb9UxIgkABrV2Hdfz93cFTwFhdQLjH9TUTThe0TuHYP_sYY3Qm3UPzB6fClvFbiXQ0zrUleGb',0,31,'2016-02-22 14:45:23'),('APA91bEc8i5JK9ljfN5AyZCiGOAroIw6iEXrrb1uvhmhS2JY3dFjmOUUY2DJZt9khUTn8dbYDgki8S4nuHUzIK_DXmQqkXkdSIa8ODVF2MysIOu-KYEh3v_n7sAICGQ2036eApY3P1vs',0,32,'2015-10-30 21:42:30'),('APA91bGmVxRKkx2swtrM6qeN1uGxoVhp582EMBLFQKz9FPNQJnm0fnBjAH4pIA0MDhBaGT04gw5x9omzRa4f_gxCyfuBbEFrrw2fGHc1YMKYC_tqcR6Eo312JWRycd4SYuKY0PkW9cDR',0,4,'2015-10-22 15:48:27'),('APA91bHjmxiXcIYIuEmC1wpDQmuFV2jwJZ0hiTkMqGFwJwaDtsGf0aPwGAQtYhGoJU9b5K3wJ9eOvo8483H04xZsRStEJV_Oe2KW3Dml6xAjl8FWbEgBCDXXD8qSldR1l-2SmBHW7o7p',0,11,'2015-10-22 15:54:18'),('APA91bHKmM3dO3knclyLSItj2gXE2w1Ak6o2m5v0JXSYRelqw2gBMwdT36mtAXvI14JCxFQu-LopB986SILwfSkFM5aRdjpHI4zteu_NzXDG3etVBSNndU2gBrj_5wxgl-7gxkC79n68',0,4,'2015-10-22 16:19:31'),('APA91bHJ_7kJYzxUna_uYiJv9Y8PB6KCk6c-yCVqICb51v234AxZ1jJRw8TrUjqSxD3KPMgCHgsC8sdC1VxIg50A-DZXE3VIkJ8qs-rTqWaLBu8C-NSjpGZqBd-epYV9PuWE3xpsO4_b',0,4,'2015-10-26 10:55:31'),('APA91bG3eDsjEX5xF_h3Wrc84bougK_0iQQ3H1InXqwW38gWG9VhYbtokdVe8cvG6hoNYM0A1CjKoMJ43oSEFkBT4LgU-tqH8IhBx6EGsX5OiqC_YIozSZdAg7PDktIa8EpZD1MtW938',0,33,'2016-05-03 17:20:40'),('APA91bGcPIjQPaIn800f94wVr72Y7m3pVScV_jjpNrf3ot8YetDRpDRihlqy73hugcG3cDvuq3YYXXRJgYOWEeIkqv_KRVap3A6CU80ffiLuPxfwPgKhjKHlLFSgmPzt7hFav4PJ0YhV',0,34,'2015-11-08 15:15:24'),('APA91bG5B2uCsD7mQ9Id2d-feO-xqjj_EkG5lQLsl4JoSDpbv-A6urVgT7cckRYSCOWuMfYYK5r8knv_GqWZJ3aomAE2Oy2XoNfFJINuuQJDYyuUVC16zXqTbujrZP6hWzWkHQKC_K4-',0,35,'2015-11-25 18:52:38'),('APA91bHcdpFTIxiFk1rJMRR9jsfq9pAeyddYnYES0BditC8hOGk1urtuok07PdLepWv4sqCLyYX5-tB-Ok6ZEfx8eTgsEeYaYwZnznwqJ_43RKI_5xQPDNe35DN1ei7DLd78Tf0hLVJx',0,36,'2015-10-22 16:52:28'),('APA91bGX8LoTUMVH-XBs-r7VEirwjs6EmBVMG-ouDBF1GdUifRiZq_g7hq2gSpXC-HxekYTl-4_vQ9-1auZF3YkCsfFSd_RewJW_2nmiwfgSkn78QSgHhgD8g5-eotAqVGSDb69LfsX_',0,11,'2015-10-26 16:11:14'),('APA91bH5Cy_btcy4Ugz7knGwiVK3ioO924WdIp_NFSUICBUwtQsKjqUe0TX8CZIucKJj7Jh1yzNl3bRsaFYhgpl5D__usUFgc8qErfIO8Lt8IFTEsDulNksJ2_Bm7ZFcXqJcZYFM8zNg',0,37,'2015-10-22 17:19:11'),('APA91bHWL5AEXvNyKHc7Wu6ZtlreJ2UJcOhlIhgPSmImaoWVg52yGzhwFq0wnLg-bWT656kupSlGtiwxiu-KpkOKR0LjX3BZVFVbIyJVjeUup5pLKri1Fsn_qTDifyWZ6G1xB6bG1zF_',0,38,'2015-11-20 22:58:46'),('APA91bHY5ZbRDaMhoSDLzuVVgXqcber_pxgzqc4JYKUuM2E9JQSmB8Q3wF70fWlQbeG604cFDFR4nUOXaCpiOLI53tZslJ1OPLKP4kYmWMgy8gBzIV1UVSGIYEsGnmEb9Z4TQcbe38G_',0,39,'2015-11-08 20:17:52'),('APA91bGFQQbsQ9awIMmmheBdWF1PntO4PRKTiTDqqL6Uhy5Bws5fKuivmXumNEq514OnV5IYeyM-BWrYGMPh9osXNURlNsLN8q92oZ8wLg3cyvccHXN6FFgu-sgP70Ql6Q7snY8RycrZ',0,40,'2015-10-22 18:26:30'),('APA91bG_zQ_LnLalRK2xGElLFObAVqPr3axEYf87rkQpx52e44eXFq4OQIM7Jfk7wUKAiZP_T-QQhRmTO-LRWx6VWjSmmDCKB0vHeiasbCw_zG5Bpi5WrfON6UVHnQqidhrBfR4hrU6t',0,41,'2016-02-26 15:56:52'),('APA91bGpWBMVn-QtQXqeu-GSVSiEOrmXV2RddisSmraOJwArKkxhTpWuC1J0m7R_PUTdbUU_ezC5_St-ZhUXbgXd9_skDRhklxy-C1i5nxuQaPH1QQWNQ8MZ9bXxQ9nLry2Pkp3--tjC',0,10,'2015-10-22 18:57:55'),('APA91bGZsrBlO4T8b0p1eC1R0i1fJkRUqqY68t1sIDtnvoWNht-P_nGfHat8NnaOikCMnpjaPYz1x3qbg2OgXUG6YEvVD5CyyvruEZz8BoHbiw0GAwrxwype-LKBJlrgXJN9qCr2jTWm',0,42,'2016-03-31 17:24:49'),('APA91bEgieAgdM_MHmOwnpPvuJ-Jnq0ifhMxJHfne-BhxuXVu-xcX2nf30hnivO__zaQCtNg8_odNQISpSdi21APtWFTj9rNrRtoE0ECLkrJbZRI4NGQk0luiFvWUrz4EwqOFUtH0GlX',0,43,'2015-10-24 20:27:22'),('APA91bGd6Myi94OF0VnZ-M8UhYP7dkcZpz86pbako9z2BfScLKNnF6wjehl6XGE6dFufA6yCTE7DyyJ_COZe4f7QhrFXfIoHNOVpg8I5ThQrTiXX-EcmXge1btM-q7hKhUaPa55Viwcc',0,44,'2015-10-22 22:08:04'),('APA91bHFEd1yOO6ZGRdIBlzsVSI0crd_Z04_RwHbZs8aUC2uDtvxJBjr2KvI-qfEavUgYDsQmSH8LEHWc_INr34DvjtcnXxK_bQw6W6MGG8Z5-hXW_7HsORyzwyosKXd7Sz2E5McLLkm',0,45,'2015-10-25 22:31:38'),('APA91bEcUDpL7SyVwSGQJA2L5a94b_rXNW0CvNa_fnje7ypd8IIVF-hk55EU3hOCkPerWAUYIzzYncrHjoo2JQyXOPgJDFTRKxIlM7HRH4nEP47YYE3HNccL8tVD3r48D5H3_AU77LVs',0,29,'2016-09-09 16:26:15'),('APA91bEhjAj7Brvus9R2KlhNzcQ58v8QZFNc-8RA4g3ozFJscQKd9zL-CkU6RfTfvFqvtVVCL2HCSwOG3gleYZnoUh1ze_uu2xGSdcPBYzIfbkVV0fY037w18-v-gE55v-Ku9n6JhuLx',0,46,'2015-10-22 23:09:28'),('APA91bGSdVIOJJlNFll8c2KS1MKXyVYm1qfIh3W3XsiTcbYL1E8Zs3Hy_Ke0UK_xPM8_vT-bE9_xQ1WqruaiPITYaZo-UHRBzoI_aBqa-tJHV_47WtDnMAqL6FO_Swpa2YuYRZEU2WPz',0,47,'2015-10-22 23:44:39'),('APA91bF2qbToDP6-Ih3f0hldZg8JHfYQj4mquXBJgjZgkQBMONr0pU_2s9WGOOnQsVlZvkgIN1L2meseJUi_2fktyrO4zzSd8eIO3zTWFLhTmkUSfiydfn6PANQKurRtFLl7YKs8UQmR',0,48,'2015-10-22 23:48:32'),('APA91bExfkrq_ONjmow6sE5wlRRzEuYMwHOAq4piFmbBg-tMljr_ZIJvunyD94XLVhiUTEJi6s51XZm0u6CgmQm0e3VuGm9eTKSDCPk2CVgC_Tg-BIE0k1w32DPzINc1RRwVeT4DZAMt',0,49,'2016-08-01 16:15:24'),('APA91bF1td6sdZMgFUcOrw5lu6NJSY6gBvOUfnWqpQuDA81IdRfIqrOtwRhxcyJRqzkRmZwnUn1WjMGq27DrnpgjP6y06sk_E4LEoKX9sdculA7UDC36PRsxSEOKyzmfhg2ZhxrTa9kJ',0,50,'2015-11-11 22:21:13'),('APA91bEDPKBeQ6w2Shd6M-R6ctKAXwAW3OQedEyzI3MwHXTQqBWnC-nGuVbFTMj5Ye96L2O5TK7CT6ZkPlq9J9808K1O3d1wEKCWC3ncH4RQSciPy5XDkfRhXUzSMIIcN-kFqaG3SizP',0,51,'2015-10-23 10:57:11'),('APA91bGm8F3iTLjP6tiMqW3OrCVLn_WuRMEaRAFIztzL069wFUcZxmPnPirrmc0B8uhrLdUVjP2uhyLk7YmJ_kaBZNM-S2lGggu1zFmDnN5YMUnpTo5lUuQG36vMiIOXNA4ak-eKKQqE',0,52,'2015-10-23 10:59:59'),('APA91bH5tFQkVX2aFu3XpEm1oY5-RclklGzpezejTk3_Trq4zPAZE5hoSHTP6EgHXhcb3bhcDa2v_VkeSPLrU2qnLEZtEDpn2-cBeq01TqwP4vBXwfAUF6V24azB40decTb5CVvVU0Kk',0,53,'2015-10-27 15:30:53'),('APA91bFtK_8yt8NDJ0eopBupzC1BmR2mFqqTAvaeJSj9FNdb8MiTzqmwr3nlC1jjjKsWfcPqFBtUFXuhvcxwNSBo9GO6fjUZbPb39cH7cKtl6UsOWkDfFYsXmZWs5DP5324NAwD9K7sh',0,54,'2015-11-10 23:02:01'),('APA91bGIHrToCqWRKEPNf5zDTMgOsldoIuGAPVfue9nLEIeQdkB7kGhx2UX56uZFSOh6C3IpDXcbT06rRtF0GssxIEOxHJRrXB8GfwPd-VGLSeTk3qsHTFUzw0VuvcjiV6eW2nrmEbxr',0,55,'2015-11-02 01:03:38'),('APA91bFOJDNCIaF5dgH-Emci7GuTHP-S-w89HF8Z0GDEd7pSyMcrnMsAgJVf1TDu8MscxdLoaOTHbw2g-GVnt9CPbc923HEgCcl7BXzLjBKoj10rnhXdiio-c8Z7hmn2eTh2KR2t43RS',0,56,'2015-11-14 10:54:18'),('APA91bH6q73eKE1kr65jYaixm7N7XPtxvOs7xjLLPX2vVEVYstOU8yS1ogOKEO-btHDr1L48RxyrCcM4rheDTCLwXmhCPpnXdOjiPqCL4dW5RFILQ5uVlISDN2e_j0x4F-4ss7wnggh_',0,57,'2015-10-23 15:55:01'),('APA91bGyHvwgKKMRgJQfJBimYKU3Uk8WOHRcw8KFgW-ZVkMEh62UPr1cGJmbVq8t0A3LfNso4_rjFyeS1-ebQee-4MJVMSclGfrbJkq-8denrgs3Xy_UPyTWDz0KU0ZceTWfU5L5awM_',0,58,'2015-10-23 16:58:50'),('APA91bHFuyH5bXl4VjZojBc6HOzykt5-62wnBscCtTkGcaSBMwAWqv7JBHXscoQdG0b-90ZVaqMd3LKfSqI1ykr7XhdKaYzlkmtMeH_dv3m0zqJMiMdvRvlIIeQRSDYQ4rJIarA0h6sN',0,59,'2015-10-24 11:30:59'),('APA91bG7D-3NZ9tdX_muDyk0FcDUxUdbTVl_FUL3wPRz5G9u3PW0BloWH_RdYyDCrgRcX891jszdgt-sl53663ItRXpzDVXGVgI34r89Ul0h2EpeIt0g1mONpkhJzRWbGMYlHiW_rPqw',0,60,'2015-11-08 19:51:55'),('APA91bHtf7Ai96LA9DQGti-nQ5vFFZ-8qDuWQQdnxa1Etngt7x6yGnOtzLq8DItsncSN_7U5TRghAORCsJClOqmmBlHqhyh1VG_hkfNo0AKoUR5kW3JmmIWPKA3z8NsA1KOhtPnXJ0G6',0,61,'2015-10-24 12:32:20'),('APA91bG90ddKDCTLk76jcZvaP7ocYj7ocYRl-vaQmAibjreQaL6CUF0hTwt8-EFzLCQKBwCVpHEAVJCQwnw6-PLmX9Gmx1a5zqobZSlQTQLiBp8woPvM7hNV2eln-Bbs8F3btUELpu6a',0,62,'2016-04-23 09:29:59'),('APA91bGXzZcVlufoHmq2Zd9wad2dUqjaoxHb9IoQNH1xmU6xWp9qlFXthU-yCwvYcWmfCoAHZ8ADnFTw33O6PQUbcMLZ4e7-UfgTdZEa9027E952ZmejhPqvINiIwf9JqbIrG8IgaMgf',0,63,'2015-10-25 21:08:54'),('APA91bHDZdRQBmYZu4YDKMf7-z9XrFO2MmdU_WYpqgfHpulJlaSt91uoCKHltw9k69Lg4DIg9f75aDKf7sanInQy4b56G8aXRr8fKJQXZ7OqvKWBFyGSU715AuWX_46SJZ_IeXuqyg_X',0,64,'2016-10-05 20:39:52'),('APA91bGU7gtWCJtEDivMVZnoTNqZ_0NSoBFMFm8mizV5oSE-zm6zIbfslaFsU4JrkyHQJlPee49C2B7w2sWLX37E9ynKsdqCf32zgRmYqCCZ9WgmJhBxOMZP9oOcSUnEwc_6KAY6tx3L',0,65,'2015-11-10 00:17:35'),('APA91bFsCJZRx-skkLVgRz0hAD1rQBekBRLI_IByP_S3KEVijZ3ekoVYsSeSh7I72Xiij_QFWNHMS8TgUkoDKfAvh6ope0Pdx4TM-gPr4KLE9LWPPV8XUR_Ma_qY7wrg1qlTPFtgtbjr',0,66,'2015-10-25 04:09:10'),('APA91bFvDZMuMHQq1S-1KPuIKZxQvb_Hs9D73rxtHvLlAh-mwSvQrXac4bg0f2FBEiISug7e099nWXYe0VWrEGv-mBDEeSweKSKtDBbh7aoDjDkSHGQeLIzz8bWiEfpitEiiKGfSFPjf',0,67,'2015-10-29 11:44:06'),('APA91bE-KI4U5JJSqHrVpnWR2tcHoiG_2fkAilt8FnLGt9sWFBG6MUOSb68l4sDbTlgXIjUrw_gyEGVLt7hVgUKYXk_Kbzw3GLxhOPYP2blw5g8RVUOFrCJIbOOL5pcIqtlXj5fPqN2N',0,68,'2015-10-25 19:41:11'),('APA91bHat54pwSKk2IlMNHAgaKVxZsGaKYNMjvMM4EzVJ1RitMdbWZkQtRsqRLCy3aAWn6ioUM_3L8af_hMciT_noWyeGuVDoeIUsk6MAI_AuWfHt3E6ve8Y2brOrP3v2uhL49kuuQlY',0,69,'2015-11-06 14:07:20'),('APA91bE6aB_vhbZXC4kUDczA4ahMyz4sCjL9HCs50CFgTCdPcQ7yKa_DramnWTjXtYwHRR3rHQUV3mks5CjVVeRMwWLtjNj6lIotCGd1tEjgW8m69ydtcfCEPhzCF3OebUqn5qoC_I9J',0,70,'2015-11-01 10:07:11'),('APA91bFgE2FY3b_RqoI2BzNfVd3ZzQgbqxLmhXTCYwbgMBZNJ8hvckhQn22M3OX-olu3J3c04fIV4UiqOdYj3A-QUnv9R5JKKARS1qsoXcTnJc-ObNepbYxW6KzKofu__tlME5hIj2Gu',0,10,'2015-10-26 19:24:19'),('APA91bFKBC1Pjfz6bDyvYruqzQg-Y1--ugmPrCHfkKFJJ364gzC1dzyYfeYEii5kBJYZCOvpw1yhcEF14tpdPIrKAq-DR4uEhCj1Lm7cCEcX1KLRfng97kpi-hwQFLrlxt3oqyEQHDfH',0,11,'2015-10-26 17:47:55'),('APA91bEG2jhcDm6Z7CK9nZbB-ivCyfpCWOsQ2dgagaB02C5obx8hV4feQBiA7XSapEujCTyIN9lAcapfzbYLKN4PArSRBudj_h245H3ee2ADwxFmp5R93j16uHjiewo9AJ67G6o9Go10',0,11,'2015-10-26 18:02:08'),('APA91bH588cl7aooS54c4zo8a-5l3KJO0Y8RN5EHI63py9diL-v_D5ziRu1RpkfNO56933nFFVBYj6KhUSbsqPRMn670-jWp5b1xRYKfg7eLiv8Wnbb3ejW3AaFu98KxyXWfTHp1M3vQ',0,4,'2015-10-27 13:28:20'),('APA91bFaKh9wGZPRLwK-eQ7lgHB-F87ET0clIJR-r6BNsb1cQiHiTpCY1n44jhrJjmSDFAyZII1w4Y2oAAfkMA-I23xghJooLaeIGMqMwQDDKz9RzhrF5_XZN6GMX_kS478O6MGs9l8I',0,10,'2015-10-27 17:50:07'),('APA91bGVTaNoufIiOxKDuCfOi_bRx-JKESL4u_3Zlce2tJ9OTTYiZTWfzB1VO28poF9eTsO9OwrS72F-tED4KvMPGE5rtEWpiYk4uF9BzES5gGMgr4c6FYI_Vnq9hZ_oHFGcPMrdL-vG',0,3,'2015-10-27 13:51:17'),('APA91bEgpc73nLPD_FAdHAQFr9wl2c8qxEgEJnWbTQnQoSGLEOMxD2xNeEcrpoZExo6nBBO60g0cVJoxs_W8PZqD7jJTtYCjgUAVGRRzQ3G-0Q7JlLIJMG7iYIHF5JnbY3ijd8KJguoP',0,3,'2015-10-27 13:54:39'),('APA91bEfXEd0p6KW-eRalW1E1wEZ7_sRJYV5uK-G0fetmZvUQlvcg8eeoXCnbdW7xZobfcDivl6JS7jv8OX8UwHXxlBB0n3-dSUbggTASq37aoV4eO2-TOvXsL0auz-L3Qxt7wQJQWLf',0,3,'2015-10-27 13:57:19'),('APA91bFs0XxjYold-gD08jW_NX1_AIwZKZplQ9Uwe2jdMerAfHgG6ZXtu069DajWtqjrktu2QMOSO7Nlp6jo3upNqJenBtmNxoxuCbfw9orDUSK0JxsvPMgVLoSNM04UlnEq3xSCBZf1',0,3,'2016-01-07 10:09:46'),('APA91bEQZRO-7K3ReBBUC5NKYJlJXkz1QN4L48PAffge5h0b_dOTvauQB867C8gp7cAAPPP_KoE4HEaW26lHcAWSPAg_BWf8n4T0ZcgUKA5SrckqFGevy3GN-o9TfZ48tPBO0BH6l1Bt',0,1,'2015-10-27 17:53:19'),('APA91bFH3g_o6RuLPC22_reAqtNOsFmWGl3puScpv1u4hNsGJNhHzsU-cnMD6rXtTCQyygaS-1I-cy5OzQ4coyfopKhc5qmcKtx4r_gHGT-3T7byvo2yZ3Bpj099CmreDG6d86Q6Pyel',0,21,'2015-10-27 18:03:59'),('APA91bEoz7_vNUtd2jvK1PlqnIf0LkV7RVeZ6Zqp40s-HQWnvC2PuvgCOpwtHP4YQzr7rWdrhDUq75hirm_1nWJLIoUMgQTK8VJ7aUFALAsJ8J_jpXj-4uRnnmEZPwJeXFSzNReXIN7V',0,71,'2015-10-31 10:20:39'),('APA91bGADGDCOXwEOWXaNdNRHyICWfcMWVXLG_mpLPKa1djlrJJ3h9tcXPy-X25bUUhwn1c4_Vj7O9i88ef6TJPhtCu8LjgmnBFves01eRvrDHPqtcZg7DvkhG--Sy3Lpeet0AupiTQc',0,72,'2015-12-10 08:43:42'),('APA91bGQZnBzjoSSaiMNZkZqwbaJgqQi5hRciNWSlvsGeetORlMFU6HyDu-KvJcAtf5XsQ4QYAoZRMPPSnsa8du5otAxdyb64O2G_ozQCE2CFpmW4opB_og68UnhjRZ4Li54RYBckhgJ',0,73,'2015-12-31 20:36:24'),('APA91bFwu1lo06z1OS1Ya66VsjjOaCnwWJyUCUJmRDZQb6Xa-6jSkxtzsmXwf4mhmfkoVIz1C3Wxjx7QU8kwBZApK4pEMNOdRyCcFMLBS1sBXgGzRIcFnA8uC6dMo1khZrG8J2RdOQVx',0,74,'2015-11-14 13:26:31'),('APA91bGCrU-nP3fKHVUw7uZiBw3SHdbugeE5IsAd1rjgrbUNwJYKenp2fLn6Cfz8br19ocFM4JQRJSq4tpcWYC3ty6UwNQeTUmyN_TRJW6yvQBg7JzdxJEOSbHNnUQTIvuXwxtjAirgk',0,11,'2015-10-28 14:25:25'),('APA91bFHL0-VqsgaxwYLqwVLPPSYwi9SDDp1XEds4ZJHmpwba7V-zRs8bQZBl08DjGA7XlWLhVJEu2IBMRVaRYWAsPe8DF9qdnd_jJMvWN5jxFGwOC86Ji9MhxBfLhCeCP2rvhRutFmP',0,1,'2016-01-18 11:03:55'),('APA91bF7g4MG4-o0nTup3fl7Xenj3OOpQ5DSDeUB95SSuiyIt43JzU8VkynikkNKejcw5XIP2Ejf145VcT_LbSQxTyyn_i7UCbttafBXYdS4iXKRzVRQ05lNevdeWvQb0v_rzTPlvNPP',0,75,'2015-10-28 15:54:33'),('APA91bH8avb-JRmffWqUS0Pbw4ziuw68xaBFNXu7IusBz3O5k6Yc4M0w_GW4LxD6lsWRSqhCg7Kk2aZIwUfxMg1dRAcPsAgdPZzjoaCU8PDjZYxi95R9vMAjQ58753BqVk1BClbYpkef',0,10,'2015-10-28 16:21:42'),('APA91bFRJ5-aauMJ-7eVnVbeAQ_8a2VQMGu4SOqMP26XavLuMsvx9Z8kj4YLYdbyvfWnqJ749PLvyQG8ShYoQFI-WknpZVrQtnBPSXY4j9SVDSUM2FQS4Tjq-3yXBBcRn31c5v3qnRfU',0,8,'2015-10-29 10:51:30'),('APA91bHzLqAB6Itj7tUUnAdIURFCjl15udhNVZhxA1ZQebgbfKbRJDytSlUWoVoddhia-whiKA8VXsn0qzCAYjDEtxGKjaRnQFo45rSC6jj0mo6ri1znqyKwnnNGIyr2s2oSX2mhClp4',0,11,'2015-11-02 15:08:55'),('APA91bGNCG1z7WLUC_mKGF-LJK8KbdEi8pzycIXYPWyi4ab9jb9o76_YAd8eB3jBv-K9PvVNDivq4hp313sdGPorNiw7Uvxv8VlIUAhOzQPeSNSTeXeiYPsyf0JBKpaANQXQ-y3-JLA-',0,76,'2015-10-29 11:28:34'),('APA91bGoNfEqpBMzCJ4zdtu8keMj_Mpxkk0gQ7uXHy9aJCAesnLfCKRvSAOj8yo6IlA0YRtkEY3MtLsNNP2Ogft1nFSYmVCMzQGj2xXhN2spuUvUBMldT41h4hh2364J_wsJ6Aau1hKw',0,77,'2015-10-29 20:16:58'),('APA91bHkB_VYCpb-SgBF-jsiTxVCskELqAA7stWUmu6TirX9xOknpPZkMvb592QMbq9PUnCFBI3zUZgweYDTWyFR9_PTQz1ifSwONdxXd_1J07cud3a7WnnmHPLtTaVGfFPosG_BsqdU',0,78,'2015-11-03 16:19:29'),('APA91bEWi6NoBYJ-DquNit56LHd_rf-02UyKc4pQwF6WvA6xXGeitbegPq_C8A8M7iFoXObge3zcBAQhaYmWyRrSx0QXzfo8I3YsyUAdPaupjn96syPFEoa7Ik3UXA4JSC9om_0Vz0pK',0,79,'2015-10-30 16:26:18'),('APA91bE8V7bzwyGzsny3EnQu5SJT4pjUEjmuCpWp7nVaLowXDlHhgH61UyWtLHAfFov5FQcjdhVaQBLmcx32_UPbuCZA2dQYmV2DDn_s4NkQoO-8o5IXxOJC4VR3CKNZbhtXIsFNWXwL',0,10,'2015-10-30 14:03:03'),('APA91bFPIx9FW3eQF4fnUabfoiVOWs2mgUezAXpCLZ5Dx76f63-cfCGHQ8NDaWvJxE5m-mqxU51ePmJakL8ufmd-rQitgCtWXv1fmXlT2RMjkh6Y4jtNaVGXY3u_9xLI4kV94k5j-drA',0,10,'2015-10-30 15:42:58'),('APA91bFzEqfE0Iv8UMuB_dc13XMeVbvjSM_MYWVIZWbV1c8dJcG5O2eXNjAun6AyEfrawkYmQ4SFDRl6bze8uApZnjClG8-94kqkNqBNX4R6POQfbGeaysXkMQJKfgfB1NS4zEzyeMSU',0,8,'2015-10-30 16:00:45'),('APA91bHCsX5vgKSvblPwMxSfx0pi79YI5W1_gcJZqjlvI2DzbiT-orqkgW8siaE7WP5nKZeM78hLqPEtiwobKW6e1S6fpaz_DdOGqmPAqkIoAk4FQNZQFnWjFxnvCmq-WPVtVvxahXp8',0,24,'2015-11-05 14:12:12'),('APA91bEh3SPUFGHutFAiYrkJZ6ymzNOqnaNv6UweJUkOPG1-TXQU7iE2yPWhO1kByqGVsb-n6kQH9LgP594O4hwO4mbEn29Ju7DMt2ozyX_MVLS53dPkFHdumh_O6nUPOeRFK6L738vj',0,10,'2015-10-30 16:29:18'),('APA91bGRJPXe8FZKTGjCnNHeJQ9ifdSqN446b-cGtC1DLG72dfNl_oCh6apHP2RGJQayYz_dIA8HnI3F3FU-_vN3QibQMRRURheLMZdOYJE6fOz2tdzDVNsbf5tETxd8hDUeOkn_Ih-r',0,10,'2015-10-30 17:03:37'),('APA91bEJFJyN5OjF9EvCMR552IPxUFpcimKTiTeO_tde1SXki-Dr9VzbjGD3al13QHQacc_pFxCfvR0dCiyAtZqMT1I_UzXcTrtWPZzp7wYQaM1doRiR-1i2RsgXiZF0LXxyH2x2TaWC',0,80,'2015-11-02 04:23:49'),('APA91bEfi0xNEl7q3LFyVVqeLDTh4nBawDlD8AJG9BMtDC3L5VFOzMF5XICGCGxsx5gWad3KrsNFS2sd7V6WJeiFwKVr_bUNKZP8ApyLZ-jnd2H1n606OWffaLDY2P4DGmPy3CufMqhp',0,5,'2015-11-02 20:57:09'),('APA91bGwlqwDwvVcJ7OuN-343KBv16fqtwXAoJsTonkUmix5OXWhH1R3pE54x0I4fQ6vwnod9L0PrqiGdcfoRPLsqb96-XWRuqV9fGT93_GpPCWDUn2ZWa7L9StkCPO73wrnLmtpuiim',0,10,'2015-10-30 17:36:57'),('APA91bG1ssCo10rWIeq9pn6lWMxCT6pjrjnI8JcF8oWAcUx6xPmoDUU_V2THSOnMa6cTU79m1NBwWkDostZF4YYK3YGl_Os8pyPRRbkAfiFJZDJdSQ9G1aYlRdFnknix7OcA_z7UO68B',0,81,'2015-10-30 18:08:42'),('APA91bEGbJnqh_mrio4YkjOdoomCEk2n3-AniFZCzxpv2ANS1qG0dGx6Bal8g14io9bLh_mYYWhjp54FDBvKHphoObdu9QoCjr0lef2-CuZqXvi5JDK4YoNH__RdCw_hSxvjkK6ZQfLU',0,10,'2015-11-02 10:57:45'),('APA91bGZhguu_UaHI9qJuF4papRP4nLTouxS_P31f0p8ThdpQ4rK2BhGGBEZ5VJejOY2JdM0AHzN2kSrcW4mhI57fb4bGKjwrCJc8nFJw-dy6bRCED5mcIS-uzvboXcRuxRaIt-J-eUT',0,77,'2015-10-30 19:03:24'),('APA91bE9Mmv6hO_NU1Zk40uCVJPv9f9yNKlXhhUTdHhY-hLPY8YtxawQbwpHykFr9W1qTLz3Q6aOEMg_l8eQdoU-MHhqtZ8-B-K806ufQ-VPI48B_V8hAkR5hA6q8NUJc2NTz6ushr3Z',0,77,'2015-10-31 17:05:48'),('APA91bFigL9AWWLqi31sRmtJaQexAXJMihGaYTnX5Ou6PupTfxdQRO7jTBM0Dun4z_kKJNUHIRUD1zLDmhlCeEs4MbqVOmqbViQg1EQdSocHbQYUKjA7v1_gEIeiLONmoYL52QL2aHGC',0,82,'2015-10-31 23:15:52'),('APA91bEWPXfibLqKEjPCuTMasg1cRZ1w8PrlGqGtb-FhhgUeRo83Rf_8DHztBiOJTBi8ZLLIaJ9JTaWLrXZPRbT6Hv1YzuiPzxLhu1bbp1Z-5XemNDNKmA6xIEAqUU4uQE_Bkk-L75vG',0,77,'2015-11-02 11:34:21'),('APA91bGIsny8SDKzFcXFKf0fv31Bhgxc8ZU9hVr_56atUzHnPbUSHu8pn3pS07CpZ6rTjLNpO0qrtV967enh34i4Dbxh73p2Yfb0HodElMUiezks0ZQeIeFgSWjBzy8dvwhiGICQ2iv9',0,83,'2015-11-28 16:08:07'),('APA91bH5v960jI5Q5wd91nMwO-VWUcrNAd31BAVcD-Nd2lnU_9Uc3jifxXezaPM9CCmSTFkFh8D4XlMV2FX_GgjhbVlywAer4M8kL-xhAxEtpjRB8CU5f2QRzsBPIYXIkNzKr_n7Q_-U',0,10,'2015-11-02 13:08:56'),('APA91bHVjDPo6gknTnX3UU858sCcsk3wgTxJsR2dThxSdho5EgI71q2EkA7O2R5qW1S4xtsMJbkLUt76e9dnLibcOdnvfyf5XZKfQ4NvZO04rHPJDAmGPHGdeWdTD2m-qm-T1Uq94D3z',0,10,'2015-11-02 14:20:35'),('APA91bFSm34ENnJFoQvzKNhK1DUqQHjhDT4sSUQwgMRP0lWThtgwLHN6zvMzpHPsQjEeHxqWC0WuYewIi9SzqYi2Z88PmZkvvFbFtbvNv_qCI8C94dZhH0A_makJHszANZOwHxUFaSal',0,10,'2015-11-02 15:13:03'),('APA91bEGk7zFytae-N9uvwQI-HwomG4qDMe-L4B4GZgcOLvznByJ_9DDxGbN9h1AMKLdKMEc9XgLy_WyHQM2gH46vb6mSbFAwwcKVsZDoybJeI3vaHD0t9ufLDgyz2PMw88sfiQC7DUt',0,10,'2015-11-02 15:53:40'),('APA91bFXxogj17TRXAlu5Z3VW8sWzXdaFcyR3KgVz2hqD79DZaUSU19c0YszpgCcnIFdU8IfKFjsWeQ7ZXdShr8QcMFRJwp3ggTm10Uev82r0KT9IvwZdgCkYf7ljehT41Di2d1YYRwx',0,10,'2015-11-02 16:26:47'),('APA91bEVm_RhIDRqTn2gsf1CxyEjgYCP-9rmLFmmNoxq-vGNRKrKEakSkz-XKzb8yw9ei4o31R1jOdGxYYc-KNhFBu8-E8RSaPW2osHISL7W1Qp8iI2a9tGVyLdwamUFZ7UKD4hKuKfL',0,10,'2015-11-02 17:18:25'),('APA91bHdfDgDFXS8J8xAYMspxtFW7--ydhLD1VsrdJsVQFMjE5a5KGty-TWAlkPUl3iCWd2O7NQO6hreDHcNNHVZwvTmFcdtFpP0c1vloY9h6VrL1opNM1Hra2XG0cEw42R-hA76f4AK',0,10,'2015-11-02 17:55:24'),('APA91bFIrx2A6Sa9PrDP-eWl1wQXFtGsXP0hA41aA5wcRPNtDBftsQzCpn7UuyXq7t0tLiHLOLILp47LTNHGnQXhC2i3VOxrMS2dgXXnEh-5sJsVwrrG9CY4Q_9S5wMuz_8eqMn6gRSu',0,10,'2015-11-02 18:26:19'),('APA91bFbBsXO6liECCWkOGfYdLkUBMzfAG-W0Rj6-C7lSCrKeMYoXBKfpt8NAxWJYgtUEzuP7fCQ3FZF0962DZ6LslUqO4936wc6gLeO-FeX1HOYsWOI2MCBPIINJvKAuh6B-wRXiy9q',0,11,'2015-11-05 18:00:16'),('APA91bHP-kLFz3mIzEI0dqDYKxfBRKR5tZBdOgFGAqIEAq4Ww9g4Wyt254VCxHOgKkFFd9PBhKGzcRbdG2P8WY1j_CLnsAn8Vu2itzBNB78HsApOUi__blnIpsYkbmh5k_su15iYQQnX',0,8,'2015-11-02 19:34:52'),('APA91bHVOaKk2S7HkOsrqiTMx9IZinotNTd4dnNi9vuypacW3dDIt3tykqkYdj5r7OdZbYhiqBp6hKkU-oIWZ4eOi7NUkg2LUsgkE5h6I2168GdGcWvEJGp3qRtuEURD9AeXoWVO6e4d',0,10,'2015-11-02 19:10:53'),('APA91bHraJbKqSa1R5vbLCu9jwYBCfvl45OxoSurTY11YVlUBnmh4dGWrbSNKSWWTfOeEEVHQZ2r_e5gqAYpB4r8JXNkcZPSRD8d7YL0V3H15sndILhy1Gzl1xZM9z5bFsljiz1DwMTH',0,10,'2015-11-02 20:07:31'),('APA91bE7NqzirYAMAtjCzDDUtcrrgetUFYnQecsaczQp_opgYSNQy4PoSv1ccb6_szicIdIZQUnylA9YqKI0Lin5FQRvjSsnDVfWNF6sLqcgM2IZiHVH3Wuih22zkWD9x7K7fAvOOi0p',0,5,'2015-11-03 13:18:28'),('APA91bGXv_zfdc_KDdkO1riUELCG30tZtCA77A9hij8aI-4WbVKUjmS6ue-c3jJnrxlKdq1iWC9zF1thOaV333Zola9vQLsBzZwXiTVnE0PAgiDt7BpbYq25rS_BoLhFU1SCRrWz69mn',0,10,'2015-11-03 10:29:56'),('APA91bF7FNkwCCdknYe9ZoYn_51a6poKA_42emzVyeCcjfqL4TJvWBr3tiZxNb2TekuB8Tae3_0-AL3P5CtF2s5WebhKjdd3MsBfJ_1XoKL88_hsanyLqnIQwnbBTB1VwVYuCcCHusGg',0,77,'2015-11-04 18:04:26'),('APA91bHU0muZOxJRhkV14IvRIisnob_VlFRDx2VxKsAN2AeX9pClyx7odDYVs2dx7xKyzK_kjx6QyqEPQ_kdGlPYzXVk2sStWFKOizx8Wg27rB6V6iaMNDaqLzOgKZpYGhfjIXI-Gqpr',0,10,'2015-11-03 13:22:28'),('APA91bEvjDSq7g3inoGAtGw5Jf66Rh4GzO8_SfPicXCa5ks4s1AmdGM5n9PTuQncGH_JAWjmgsPo0DucswxHQCyiEUlWHbrUfxmfNhyp2ywTXnxOdmlEW6GWD2j90AAP8fhobmyDEVhZ',0,5,'2015-11-03 14:21:25'),('APA91bH-Ss8Y9NB_SNatGTcWFAwLWz9tB-DH3rBBhdtGePe0VdchtuAra9pwh2a6XaM9UxA1mEpENscbgDG-1YucHmyg5dM01EIg801ujfUAN87btJ99SgNwMZcTKq2g073falbTQ0HW',0,5,'2015-11-03 15:39:53'),('APA91bEQjhuofYI-5E3cGepZvDqlCo4t9BQRBIOjpkXg246oHuPrWs_WosBZmxeg0OC8ZIhme8zaXDNjKJZyLtoENe78OUo9NfHcJRkE_oKUIUkPQV0aPe-8UqPohHfsXT-UQ2NX06rG',0,10,'2015-11-03 15:48:13'),('APA91bGd1HA5gzMPGU4NwadA-Y_JGSyu3_Q9DbuUGLQUoQfiI7D2ya-sUp5rTX1YKlGVwlZJqD1NhrOzo9LAw4G3KvXHKNNo7xFLm0WrOkBM5gObGBt37amJJtjBgKlqYWyOY2Pka6lO',0,5,'2015-11-04 15:30:59'),('APA91bF2MRTRfYBmozxjcwVqRkzzl97B52Lw1Dx-cr7chRKtfe6HE0sm3qz89pYKFxr2aWH0fNw-NSULAfb2qoGMGnlid32JSOEAhi2I5HoDZLxsqyvnsJxTORopu4DC61IWZNcOixaf',0,11,'2015-11-03 16:40:25'),('APA91bH6Jh3CRb4C_mMlsJQk_S4Mn5mKWFsF46wNmB6eUvHR1zz35UIiXaxRdvEl99Ha4rqK8X-dlCcDFVTg-575a-ac9YbUdnfJYhSSIcb8kCPnzzPbqd_1mQ6bHcuM9pblG_v8fsuG',0,11,'2015-11-03 18:44:40'),('APA91bFBNVI48-TeMyd1f7bfWkL60Q5zCmBUzp4N7j5U-3EGY9NzVbFTE6bhSIFJt3JA8ndK7gfzkkmZKGN_eNkpjSHsp8ZIu0IKbyMoeW7qP9LBFCT7fWKTv1Hnj9rwrykA4tcXeCvC',0,10,'2015-11-04 20:02:34'),('APA91bErJtzPvk_rzYhg8ADodMHxXmhZd5fekVRWQgfoXRP5jV3zcyBx2l9whNv-V47Q_k7UVWGic1ExzFwNNeSnqt0mzKtIkcNkYxtez9shuTSN6XTWa7ZbNTFWKlosmM62I6yO6BIX',0,8,'2015-11-03 19:06:33'),('APA91bGjT8E6C-FGe-5fdfSl2IxUUsqJ9yWizghOCi8oGHhBB_EykY0K1LYq5tbDb3cuw7vcui_UU2d0n0lHccQ26JUbMtfeI16cY8Nb8GCA_P910JWTxhTSICtFRYTfGgym0dRDzuFq',0,5,'2015-11-04 17:18:16'),('APA91bEF8PggRTHVAFin7lKIYPXhYfNj3EoiJL6rImNQ-D0A1YyXTJRZ9jqdGLDjehIhklraceLZfkszSbXWntlFtFiP2gsQZQZrmpE7PrbrKsTZmqXJLAMR_A0RkuSvPsS5t-Y80gtv',0,10,'2015-11-05 11:41:03'),('APA91bGsepyOAA4-JXmZeDk-ctj8aKOHsIfBsDVmclsIDIFFiTds90ZHJrJjXw9YPO9RAF0zqtzhSuh6AHIg5NplT6A9WnuhzJCWJTsIeJ6uBl-14_tCILiZqI97WJxuSt-rKon3k4kJ',0,84,'2016-01-23 19:37:25'),('APA91bFKTr3EDwi50uJpT4yO9u1P-CTxjOZQw3HxyYRetjfXkw49LxrmdcQx8msA6Ibi8x8G2C_-pNqqd21SqXGLdmlDHIRmxAL9Pga7o3ZoXTAmdlQTQu1LbWqnbIj0GKvYZG84v2Bv',0,77,'2015-11-05 10:43:37'),('APA91bGnz2FAT9uVpZFgnkLAcAT-oWnSRlQ75I_SISIJVvbhViZEmepwzFyx9ubAMQc3HZ4wMV7u58IbjnVihQehnN-evPn4d9E39S8rBvSZJQP9evvFe2pDlS8XzOa4AelxGpskn6Uu',0,5,'2015-11-05 11:03:41'),('APA91bGkLVnD05gGokFEiAiHXKo52ZBc2G_iVw971iUcJHheUTWwv8KlBcfFimn39djmUO4QpmYYTwItkB0BIxnnSzxqte1vnkSSu9nT9q3KFEcyj1LPVMPtf25n1__ht1jE2HHyu0tC',0,77,'2015-11-05 11:32:20'),('APA91bEKQbnG_FOuNRuLz6T6ny38F4-N-3_p4hqqaa7Dh5FAy_yXEGscIe25yrdABur_ZGWIMHEYXCZlAO3JeuPP23Ed4mDo4muFw5Ne6yTKHPf8mR36h5M0T9Mox9CJPGWRXhlaOW-c',0,85,'2015-12-06 20:55:51'),('APA91bGYYNJEeXgfYWAYmfhZftqxwaBAwO-dgF6LvYoy3BFJw8aMDfayFv492FnWUUX7X7Zpz0_z9txTUfiD1PJxOvA57_rfLqezHT1rOgzxWAHtkxCil24DJ9imZv8gHwky4lJQmUjM',0,41,'2016-02-29 15:58:17'),('APA91bF46f1V1V4eo25itcy6etZruVTgazWC-Ry5bV6Xu9XohjOWi20ZQWcPfQddFO0TfHDQRB4o-AdZYFKKzIKFvSKkICtEzAE9TjRrCO7yWrf9JpAjEgiV4jB3x4Fn6wOaTd78wORk',0,5,'2015-11-09 10:59:36'),('APA91bGTzgoE9UPOIwDKjY-i65QGsF6BfpG2OFFEaP5HMWiKNF8lysau598QKgZWQH5NvdxyUwjVA7S6P_NzSB6M6A16ifZgWZ39tvfE-O-8aOxkI60rk24_kSLRrNmLjFtGsiAL0URE',0,10,'2015-11-05 14:12:05'),('APA91bFfMa3wyWjPXK-wb15ItQSaKBY7EBY-652dZ5qtU46FWz-cMxh-zbswwOhGpRSYarEnJZ-Ozjsv1BzpokMRnIaxVnipAXJEA6TWEh5ahMVVq51wjOyyMOQHJtkBcgAtST2TxyPe',0,10,'2015-11-05 18:31:12'),('APA91bHcSjLrv3FsquntYeJzzmeCCwGwHd4Jimzt29ERK4Q7sqVaqWOyxn7iDGOiPulYofR1D6r0jeQaVvUgop3dnHE44V0rOWyKQATv8XL7YVKgNdj0GpMIkjxotdbovIXXtRKXrIef',0,86,'2015-11-06 10:56:12'),('APA91bG8RFfN1eJFeYCu0_g4MS08feI5-BW9C-T46dNlT-I-veg7Jxcphcq9IQd7_aiHWhoXx1RI6l9hVSY5mh0usojZ2IVGesjsLcKjz3ETxST_xuMCQKbSwq1D9ZuBjbZsHJwLQNSN',0,10,'2015-11-06 15:16:04'),('APA91bEE7hcrBmSgImLguVR2il_lNrIWzwYeePjpDJxdR_v6PznB9r-LA1Ct4yjg3_9Z8i8OBIJJvYi3rKLFfta3zcvj_z2jSnL5s_bormjcS_6e9hz9j7IZkz3BZJYDyeP_7xYupVgh',0,87,'2015-11-06 12:37:12'),('APA91bG6m_Tu7-HasXpaMkhosCx4dKRLcVnj4dq7TRociUm4Jo06Ro641TSgwIWBVC_Rnn2M2lOCJ-ebdnf90NVO0dzANwS1ovMV64L3-G-hKcVPJ1ccv-aDTDVQjF1LlJj2bIkb9s5L',0,10,'2015-11-06 17:57:39'),('APA91bHsR8oeYPN1fDz7T1efFpakJZwsPMHVYDUVFPmDMdZ-dEOtISKE4D9YPyV6Z2C75cYn25NJNEaoEk1kO0qs7WDeihhbw8x8JAjAyT4T7dGtn8IYO0JbCotsKLGT4NofWykUJ7A3',0,10,'2015-11-06 23:37:14'),('APA91bFyKCN32tirnF4T6j_wK6HuoejMrMWbwMljnAEkdUF_BzyfQjHIJIvMPcJBVaP0NW20htCJX4OoNIMdTxVp42JKjVNqXSZgUntMX_zrwpQvu9HFUcOu84KS6X_i71_uAE1n9Rko',0,88,'2015-11-21 11:44:23'),('APA91bGyMWO_W4f1-jJfSZo6DgDrIC_VlcnUMh9Pb8F78xNiUZPSNE4S0A_roOH2PphHY-q8jg81bz6z4MDGPveC0da3uXebCV6m4ecsw4B_dnOoOGjLp0na46jA2XYYNs4zDj4OkNro',0,8,'2015-11-06 22:09:29'),('APA91bF61_7hsPVcnnS5kTsU47aiSWEzWXP3V9_4mftJS4lBfMkQ-eMQoZ1ulObuDeaVHX3RGzqBxOH3SVlcyKFOFPvbgUAVy3iaAyOZEglv-MQHP9KfrT_FV_TfXInxOBZdt3Dr_mjA',0,8,'2015-11-06 22:11:40'),('APA91bEu_IaEuFhgAYf7RqmXQ5Vn0YFwGJxIxw9QrAxYMy-kpPwbTl5cIu4qH_y4Y-LQobpEsGzlECs7IdBuzt1XI5CrudT4fknL8LjD1vvc0ceRGz94lp6js5NskHsPc0GGArQhU6PO',0,8,'2015-11-06 22:16:24'),('APA91bFMxEyrUDGIBoFbp5U53N1yHUV1c8qPB010Ut146EZZY_9BHRjlrANMU3LNVSkHAdMszHAGq_V1F7E6V2YVYdRnDzGvImUP4WX1UYOioU4N_VL_0cTDhkaHbILpGvW_Nw08Zwmv',0,8,'2015-11-06 22:38:35'),('APA91bELhMaqwJDVre9ibAkUA_qqMtaHF7TtUQOAW6PbHE__g2B6SvQi16BzW1o77uo9UVFkQfnIJ_JGN3Ag9OtvrnhB7U91-1xM4nMRNSfNs99ph-15JNN0qUwNDkvdnC3HxzBa0J9Y',0,8,'2015-11-06 23:11:27'),('APA91bHeR-yZpG7IV79dHdazzGH4ONpJqpKJg5eA9ykPVmbj3VymW9sbm-rY8vTou6UxjmHzkWCOk86Oe7TEKMPSHaXppxdSPXLyLi_g-l932OUqj1rLL_EABbh6Gi_93KqyeXhbctpD',0,8,'2015-11-07 00:00:45'),('APA91bE7z9ND1sfEicUdYxBzetTboAEAVh08nW1BnHoGpupuwrQFFXpmpWK9sC-ohi5_BZiPH8S3gz1X6L1wmhtWb7rUS6hqlEsZliYp__tXsyX5T6k6zQIzzzUaGTq9YH5hxBAgPt14',0,10,'2015-11-06 23:55:54'),('APA91bGbZAyvB8Fc3RuHs1rkpNs0-uoqM-j5BEQ0KfmLZA3OtcHxgVkXK7IePPKBqYVcomPzOJzGb23HCP7s_9j2DCShIVkcfq79O0CdTP64HCB6UPIzV2F2zrNS_I3frGtCmCcyVyFc',0,8,'2015-11-07 00:07:09'),('APA91bHMUOUkvvBafk9EDnWhiPeDLjzUewjBvE5JItNDBOr6f6c0TE1MNCcL-9hVYg_SqBnMdLbAtSuhVe7HKwh4IDcqgLaG3QYOg9P4P-SEbQMwemZUKU1q839fCa_kvT3MNEYnL4qM',0,8,'2015-11-09 18:05:39'),('APA91bEAfumoVfEDzhOicvO8pjhQAyk93jWrgkaSiq439mFD1uaCA_58VtTQzDo4kMalovkV6KIwgNWFc89Rf2-TKhiYvhIIHIf90l3aRdip421vu928E0gNbKJMLDoNrugxv0wB4vYu',0,89,'2015-11-30 19:37:19'),('APA91bHK89JJYf-psGsud-kb99_jEtJP4IVeN8IDFwSt_bTpPeqDWbX9W-hfliFgiHfEoI-cLoupojcgIRRvLvHv1p1cE4APfc0nRFLUR34VaKui5OqZqifDr6hVLOCTcSp-vb1XL6Re',0,18,'2015-11-07 14:08:01'),('APA91bHPrGjK0R-5Wp-IExmFETlAx15nNMRQq6FBQdL0vQRbrt-zH28Eu9ijU0hf2ihHDOrjKaWrZf7AUZenl1bxkN7YzPSRd5Hn80VDoJlGKgevMRPBpqS2i1hq2bJfRYsYsBbJtr6a',0,18,'2015-11-07 14:17:20'),('APA91bE8QrPEnB2AIkPp73ff9nf1CNY2zktMc6lfYEcx0vnviS9Ipdpny1j620ydBrhJpiiMrS3ehfhxpKXgXE7AuQCXCrOe2O9BKOoQwc_0xJkeNGVkp2aFdei11Dl-qCyosP46toY8',0,34,'2015-11-08 15:18:50'),('APA91bGjQe9zfLSJxc9HYv8BjuEHacwUZ4bOE1nZ2taNAw5zucjS17W7WBiVQTvA9BkNjVpLgvxxQuQklBOsPynj4gdoy4aS6Vdo4i0oT4sGWWX2AcW9nYLFtCN1YoulRpKc_xH8PS0F',0,18,'2015-11-09 02:44:38'),('APA91bEvu_paX-jd-I6IqrVv7El8-y1bF5GN-IUu7FhPzoig7H2vRvvOyDjW12suB0dicRRcVcvoYuauevDfN9rlZKx2SiEFT3L6TnwYBOL6Erl49PDdzLbCO9VW-d6EoEYH62eCy_UN',0,18,'2015-11-09 10:33:41'),('APA91bGEk4nx--VOM5Mvr7-7h31opiVI7Hx1NSOmt4G7J2uB8YZ8HL-vNtfB88e9-lyWL3wXmo9zAgmoleVO5lcCScaSxCMA9SbNfngKM3QUu4X_8P5Xm5e3Sw9FnvZqeOm_UIAk7ihD',0,90,'2016-01-14 11:07:53'),('APA91bEZlOiVbLuul4G_QmBjuJ2VttzHCD-hm6Yvh0W6nk4_FBe-Sd3EO3I2AVG4nle7llD7lX477u5-s8Jua2QrWaGn1e3xNa7nUN5XihOoUw2aaET4RloUJFWF0GExuQTNqrWV5EwN',0,5,'2016-03-16 14:12:49'),('APA91bFD0SkpndVWi-7sgP1lKJHdIGPkiW37T_ECghA_wtzV7GSlxaiMdYWARvVU3KEVCoxZAQulN33AuUJr14BmdyVcvLMbGNB9s7atW5e4h-bA7YBNji6zVLC32VfqdCspsjks6-s1',0,18,'2015-11-10 13:10:04'),('APA91bESqao0CMmxExPtIDrLA54Yki2NN4y6O-ntNDiox6scFOBYRebiZZCmDqYdAcAl6oEHYyKN_uDmqgm9paIBqYMotvSOkS3IpqU0mBlGa_i_pdw3RWm14YlXhahjLLk1Rw5iDPwN',0,91,'2015-11-09 13:35:42'),('APA91bHQm7qijI-Dm3khU9JxrCVh4ViaMFFhQJPM-5OwBtR3gYflfo-wHCbKhsR1RyJ4qA0zPYrMx8VYwV_WsY0TAyoe-bicjXA4P7-0hMjOWyfV0Smf2mwGE8E-1IGp-EJ9x4wNDj8X',0,91,'2015-11-15 11:44:33'),('APA91bEAxfP0znGaERoqpGG_UmxqaVzKSPlaqNamMjK2YVKWsSoXxIMtGHtdnNevGrnhNZdNsTarxZKS4mb3_cgX3uQhXcYTeKgM8_VxryBoCifJGyhmEuIGhhH9dgoGw7PSWypzs7t8',0,10,'2015-11-11 13:11:14'),('APA91bG8x7gkUbS7uuC-zNhi2XohdLg_0LZojsCg6HcOHryYgC-3GKLy7lZPkml3lavHtY4SRRjqVFO1cpkdKCCbnycOlY0Wums24FafWa31Zdo5a3_BtGNnnk1CgCtNsHPkIIE-WOrX',0,10,'2015-11-09 14:10:31'),('APA91bFVa1tvyn0_0wpqYgk_uQ1vHhHFR-xd4-RePUH3NbEKcIc0k2zFtS2ouYQPO2ohWJsm26PhhXbkaQ6CgOKuwzljLy36_Faf7sqCBpxWUgXkyHn9s0A8GL2IBtSlJn7L6-BQtvFb',0,11,'2015-11-12 17:35:23'),('APA91bFFQ37Pky128Fno4963a8KIseEPYVChhvK9XR4tlLWYK2BFnO7rxskEi4aqyI_amQ-BiuYaLKVrZxohORgcC9Y8CMqx_fgMy5M0ew7KXl5XY3Q2exYkSOd2EXIMiWWJ-zsA0OIl',0,11,'2015-11-09 17:11:11'),('APA91bHJdl7MBtxnf5X4M0TDrm3SGpaFfLqCdrVS1FArz0sJF-6naDjca331ndd33kQRuPqWyvfUHCV9DrRFD0d1L_07kCAzP-KX9zngJb5H0p6QVVWhFxelIwdbqUeYyrSgRml5TMhl',0,92,'2015-11-09 21:06:56'),('APA91bHoTHsFUP2Xc5cJDa4OCV9xFOfNMg40_G7XAp9j0jAD5s591ONnF9PTtq3Uc0QitZ0ph-CMnWA3jfoeEAd7LUOTMrtiJCSIQy-HeTaZyVQniK3OIpVrgkeFdU3ry7GLbnM2i57C',0,6,'2015-11-10 11:19:31'),('APA91bH_P5xiIqYnoncsR9fZFMOzKe0Xfjs8Nv8VoGyHeWIL5c-Jh37p2tWV0ZU-x85xNbVeipbIPFZm6LVLvWgFAc4HmKlJgFhjXTEXGgiYrbF9SODb2xTseXspIGf8csrerIt7ESim',0,77,'2015-11-11 15:54:30'),('APA91bFZaMHiHDlvTiCDQr40VZQdaPGSEt0b4VTTwniO7y5R3drJghyKira2AyRRCnDdiQru18ssINgZWt8_pFpi0WgRlJLG9zVZOR6NqhpvPO1sJAc9XED1h4n-nJ90e3YKFj8joxPQ',0,18,'2015-11-11 13:11:58'),('APA91bG1-fJq2URHd_vzjom0K5co_1n_CHVMKM7PCM0cCQqJ-Muxo65cFsFEgEAC5-yqrMSjmgYk_p3KoNRuhD4QeRF_vtyypVWjV0nWnXqp0a96mtAKizh6dVpGo9UWHWBIqPofB4vr',0,93,'2016-10-24 21:41:21'),('APA91bEn2T8QSXlcPOcWvL0UbeTpKukjquA8uKVwQoVfpkN-4oBfKSOtHElSIH0mwlEyczkKB2WqVC4ErbKBDj2x4wtSh_q6QyKvFZXz1iz15mwHmV5xstCZkm6HQfr6HOdBbYTmwyMK',0,94,'2016-01-03 20:21:00'),('APA91bEkaK0IW1m0ofvbnNvRtHfx3pTRsAx5DFgUns2IrBOXPC8vh2XsRK8JqFJm295bEjE3j6Aa97GsRuXKDwaA3heICqWZGMqKmqK5wI6YkS792l8UeD8i9RuDi6-_Bpr2zhtcdYGB',0,91,'2015-11-12 12:59:32'),('APA91bG_E-OJCFWKPIKu7HHgWDNE_eueo-XIIedYPbJoAnmOJW6F6b-jPLOm7fyVz8IPCDCtSX4nuIRRMgNh2HPzSkjOUFpTvL3H37_dnxQeuHXpt9LlFMmJBFRLxm7T5Hc01nxAMaYf',0,24,'2015-11-18 10:22:13'),('APA91bERK2MTr6I3jcTCEvvzZcj1hPGVTodXZgdSXx1wJZ4qmmuddUe_wZbwAActi3W3E_ExMlIYub_v9LdmULVnhgvVbJl3r10wBHs1N9krmRnu-gNoJ_qIXKbqyqiMGHzQ5JMYbRdC',0,95,'2016-09-23 21:29:25'),('APA91bH-LiBu13W9gSZBtBVqSCuHB1Pd1KgeXtmqK_eUvTU772NA530GsuFYF2_Z3rSBT6NdKMlG4TjY21KlS1i_qLmG0r0CEdcyLrutf7YSvrK-o6OBajFs9OvXcGKiBIc1ZWEwwERo',0,96,'2015-11-15 15:42:21'),('APA91bETHGeC8pGh1_RCkfzHiprYUdHndD1O0S0LJrsDczB0W1jkGiYA9dEfm2g2aHbA4UDqHNNHGyQznnph8MhDxl0Td3TBz4UocfPd_-ewkBiDRMTxHuiZTx1ZBC-9BXgayBc2Ld53',0,77,'2015-11-16 14:02:35'),('APA91bGN53m7K_JagoaLviQq0BcUz3W2ZB37aN04r759Pm6dCPL-IMorAv-GbYX7OokIulaFV1aZpccAdNAsCMo_hcpV6nF_WXNh6k3jNZ_QWdkKQqMKGN7IoTZbc6qmHtTcgDqN7XV5',0,10,'2015-11-16 14:08:43'),('APA91bG6svSsWx_KJjqAwPpGll8W5LOQIHDjDKIANE9AbHuGgds9G-1C1mnp2flnaW-ibVa2byDGcS96AO1ld5d8HPYMlcGOo9mCReTZPgSycAESCxB6XVjk73aOj69x59mUNd4AhScB',0,11,'2015-11-16 15:11:32'),('APA91bH8t0AxQBQHYRX7T0KJ8c3hHsSsEmg0k2TRDXkZR8X_1hIaOxn9G_P9WC9_nabzrLKzqc0hhAaKwEghWcYs9hc_CatUyS2vh2i1IZ1Mx1JOgi4jg5U-NaiFn9U6wH3iHQHSqMT6',0,77,'2015-11-16 16:12:56'),('APA91bGvY8V68XPJg1nsfT9MML_EA0W6LD600MxecgkP_FaKp_xNjGx6sdRmI_aCAUK2rLfPI329MUCqKLVyTzXDgfHXWvtGMl1W5GsPzC2oA6wWxNYQ2WyR1dN4LvTHtxrRJVFe7Y8r',0,97,'2015-11-17 10:27:24'),('APA91bFvVdD0JLo3mXtfIQScEGRFymgLwlDTU1eywmFC9LoiDvs1v1sMSjrYztfouSH7lawQetqhV9bvhly3HcRyllKadIYJKQ82fbyI_H_fvrhd5TBU4sIawpSxNgQ9325lpHxYmSre',0,91,'2015-11-17 14:37:31'),('APA91bHBxVnNg_xlQ8yyjcvDSHLpeIV_DigwWnP2Kq1_F7EQyNznfJx2_VOxk5JQq9r3FHpyoOne62VKnt2os_V2GnMTRLAmF-yD6EbnVbzf89XafZtbfHmts9TGhoh0LVug7mi4zOVH',0,91,'2015-11-17 18:26:59'),('APA91bE165s-qELl6D4048IjH_qsEoShcBnGQFIB0xYJcFDyMWepBvGERQM7tKc4gAMtAYC0HeWmohT6Rsy-gc6Rm8YjCfMfeEyJTsIF7s4p_HpIqzZVepYdAqp3KVMben8-bFg8iM9x',0,77,'2015-11-17 16:42:39'),('APA91bGGkX8WZ-DGZqbC9eZMrIv79i1fGtuD2a-2njy0sL9ySoYtGtou9MEq1Jn_fyXDPeOL7gETq74TqcJ9WOA2St_97QnWKWJ8JKmw60w2bvqo34EaBklDTGIbGI7kwad_R1LTpCFs',0,18,'2015-11-18 16:07:54'),('APA91bG0fASjkXIbypaYRpl158qC1irVr2Kdb060fh9Vatv5cVYhSi9wjMqi-bcj7f0yKSWUlaKnSLEgmsV9zXA87dn37VZrn4Ki0ofs9R1ymfZxs5uYzy9lBRa_zNoT-sLk9xVyBy2r',0,10,'2015-11-17 18:31:37'),('APA91bGCtaSLTehzHKYzKKpfKRLUw3u9aOhX1efFeCpHzOZGpddWOWcAnt22G3ah1dzn1MVH69J4So2NywiuYC1kZszTgQftER-OW6xrUsMFTnQaZhTbKWL_IwIAHHauZhbzX4a1Wyo_',0,91,'2015-11-17 18:33:17'),('APA91bFvclLhZySFxyLjCBLGwLp2F-BxZsQTkbQxR2z8W8uxtjjhVYTd5vGrl0yxC_XMw5XWdP1HmSLKfsPsTAp3gSlFDiNphE3GvrMdIqDxR7e4p9CP8_aWFc5F9GpYl8-11Y6vx91q',0,91,'2015-11-18 10:59:25'),('APA91bH2ZSD-Me6_Cp7sen3OW_WiOGL-QkHdMxYGlHLsMSPWqADxY6XTfPVoRjRp-22iRSOQk0OuN4r3QA5V336bGYskw8w4y15B9HffWowgO-nW-IxUI8HJWOziwlpbIM_nwCAs5oo_',0,98,'2015-11-18 16:48:58'),('APA91bFHqNlZoEo9ahFZJU2xLxz7VXMg2ray4qrlznA0vyk3Oa-Cuq5qNhWjyo2Cv64IOPrhAXs63mK0x-YXwI0Ucq46Clc3SaD0QgeGrIIo3isVN2QmCiBwcl_iJVRw2xmnGBo7F25w',0,91,'2015-11-18 13:42:20'),('APA91bFsaG9hp2o-0en2B3_-GpUDzlAyGPDsvFUrJnmwZJRc-Zux7naJDrBSbN349kJ2HBnjAIQwjfgX3GgnuJEndnWXo01rGuXGTontcGxkXM9oUtXZdbXz4bNxu48PGCWO07r6z9cz',0,91,'2015-11-18 17:05:13'),('APA91bEjT3nf5MylKHWnG53jLotZb_yiQzBwXGYUO4jf2MrUGj-IzxoswcWHPmmUD82UGtufClau9EESNnIZ1sLNjii86mbMUt_5CWPr8b85oIFBAlAwwrwcShr5IE50tsJQ25adGvSt',0,91,'2015-11-23 15:43:44'),('APA91bEPv5LLxX4Wbb01vnfWDyAPeWs43iaqgIKz-TVLsgkW_mHdK8gPcnlUrgnJkeR6DDjES_rb_kaTBjH-bcaqyVngWP7uXqK-ND9o_0489tZJGHaueSgncv4-VUAeSx_joelmFXiS',0,99,'2015-11-18 18:21:29'),('APA91bFTLvtdYsSSkQ081MCSaSPZ_MGPW4HlA15HaRpww1ruFvlkaGdZJP4ocJyojF4Sv8mPfl-Bi_TQw5_1lKSxVHIpEcaR8j2jcJilphxMdzS_Xk-b0KltGGjj_xattTTVnHbMf3h7',0,100,'2016-11-10 14:27:04'),('APA91bFjSjkTWZMaVKnw0fytfomunCzMAQbW7R_xug1I-sujWO-rRL9GypF1qMpLpr_3J9g7fxMDn98GNKVa4fLwXNRdwePoMeEKu0s07Deud3rdc_THdzstqwP_g00oDIR1E0K6K7TB',0,39,'2015-11-19 17:09:21'),('APA91bE49PWE88R5Xw8cMO0Garo_feJQpV9oIuFo5PBZeo4nzffMAiZWWKulHH5-U4HSsUEhHYzvLV1TiIDvnP7kTA7F2LaExIwFlXcdBZDxX_mfHV-3L98VgVXDciogd3-6Jd8cVAs2',0,101,'2015-11-20 18:03:09'),('APA91bGUUcnnyB0Xfd0m8NwGcv-_zofBhJL8AGT1rgnR30u4IlTlbhyU6nOKWFPJuZ_gQIPpucmB9j-PrrEvaLZu_lV98C5jAyBJWbFT28AJyVfKxcAfLS8iijwOIaSjv1Q5kq0fO_pU',0,102,'2016-09-29 16:12:19'),('APA91bEItiOtiwK7WqdlHWyNIZpXS_5eNXD8Vp8p0Z02hBOEhMBtWe4VK3NQ1q_cKYzvZ_iERVbWzKSHoGrb38wjEB0xPPWzXlt_4nBbZUh-WEdyCFCeFZzFIzZRqgu6t9O-Fh46QmUv',0,103,'2015-12-20 18:46:36'),('APA91bHgqAef9gmao8tSEte9n75XGIwOWQoVUArBxSrTPMT-Be2IE0B4xz2BB_1aXegZAIpIzvaVvTUKpwgEwqejFxTOy_iqNHErLYzBB4ez0nHv6GpExAJ2s9ugE5xH0UDLwpZEpfAr',0,104,'2015-11-22 21:31:08'),('APA91bE-M08IV17IsTru0eZPCuPvk87KnwpF0_etkY1sPQUy7K7qg1SNQ_qUT4rE4bWdJ7UBeE3u5G1bIfTINUwmoeHX8_TQSto8AsIyulp9wF-f4j0y7kt_Gi5ufkQGQXb44bAnY8LS',0,105,'2015-12-26 12:54:43'),('APA91bGc9zTJji9fFwwl7myAIJ4pXq3zsJ3cIohqOcquoiJBfc0_QmDPf6MY6Mjwg2ZhakeRA3h8fvVCg5In3QZgOygeUNgxxAn7VKubThNWDqxv51AbpjakpxicGL6xfsx_qKJycScw',0,106,'2015-11-23 15:43:16'),('APA91bHEzjujMHsaCbsRT4ikjIVttSotjcKXCG9vk6m2RnMY97roYccoJq-4rVJRUplWke1WMm5JRxg_UH5igiFts4VZyJUmJXvDrkgYpKq2bf1-hldg7sb9QOfciGtqJhoZ-_3H8tsf',0,91,'2015-11-23 15:47:36'),('APA91bF_Sm-V763P_RMg00HITmBqD637DhyX3-x9Vx0LnCrLWnOR5o047ZypALZmDfxxVPhkgwyRt9oYqwTnEbJLd0521vqSoYlAUvdcTpoDozuo8sDQQYu_eq_0jNqkjri_zz-uw4_K',0,10,'2015-11-23 17:35:29'),('APA91bEw-vSzSwcqTemWUcAd-YH8H1BfNx4fK9TcdUuxdHL0YMCrf6wfC73KsKk9lnYhuYn8j97n5qPT6colvaWJTLUnjLLjS4VSPmOfFVC4ZjGsGiJZIx6YtkGWCnu3L8Ww3rHfgtYb',0,91,'2015-11-23 17:41:39'),('APA91bF3ACnJ78ksP8aEx6xUSG3vEtVcoiiDv9Vd98b6CcEQLxKc55LFUAEFc9-NBa0t_DGBq1HGsIgD36BNmhs44Z9aY84Dg4XNLvxYjwwLGG-WhST6yfGprt332zuRx0UZioOQ-ERQ',0,107,'2016-05-30 22:03:45'),('APA91bFpGgijBXTXWLxue-tvuQFXv_3a8CJ_HN6Muh1nIUIH6OvYv-tI8ABwOfvUb3Pl8CTSfriTWWdKgUZ3vZ799U3pXTswelzmWD6h28z_HhW-cnRigHszB0Hblhf6SwLIGDyLqz11',0,108,'2015-11-24 14:29:16'),('APA91bGlvWTXZRxOXbQUiaq-Jysi94SMuHpzXfnp7tVqSDKBS1lR6FAx0QxC3bEar5mczYIOilAjO_IqPfGtGOSAF8cM7j2DuVvmFfTGa-oaF-JHmLcPuV37_I104wLnC7cK8O8kWU0D',0,109,'2016-01-06 22:14:49'),('APA91bEuT6lUSXx42P2gKEbC_FWhZiYptuKzxc2yaccj0ntli37J0XtE_0WVF3AZbkylXN64tiDbkWsSRLoAgiDoFMKTFXjCadlWWy1Odog-Nb9gx2aVqzycnUtBieohXnKsNqylybmp',0,110,'2015-11-25 10:25:10'),('APA91bG9LBW7PhvZjokWhDjArBqswBxauvV6NEzncnJ-3fEIw0ZKjxCxWvRD0eVGhSqW7AhydlZoLxf2VBK3ox3tdKVTLH-po3c_1H1Pna3Lu8vzX6CpnXRX7k78-R0pbAQ43Dx2MG42',0,111,'2016-01-30 16:01:10'),('APA91bF2FZw6uoAFpKooZF7DRGxuFTbOnaQysZh2k1ioOXtvhk2rMlmdQgncMsyn3uHSq3MVaTLoLVO1--S6d9sb0gPnIlkQAvBChQBfy-ip0CJ_XxC9jKbZsV-dBlgPmV_MuK488a74',0,112,'2015-11-28 21:14:26'),('APA91bEOciqyV1sb_wz-ajFGePmSa3WO54Sli2sVk1HiuZc_r2a9JLHqPv_U49fM2P-ld8kcOr1UXPJVm51IYaSZq0tgKK0TsO5O2dy2ca3lZIBDzgLT-bEmqE80GSx5UamYyYcETs0p',0,113,'2015-11-26 19:57:46'),('APA91bG1-Cpyl2vzpvxic1CnNjLcEMgInnjpFejMR9AQtnxw95EiRiq7Yx71u8WMO7DRNteCDa17dResIy-ogvimzl7_yV6GaDkmxqa6mcjzakA1uWD7mHhLVKiPesVweZKKJFNJx24f',0,114,'2016-01-09 19:38:11'),('APA91bGiNYeY0afLJJid9yBM-rW6Mcgmb3USxCTzE_pk_X66mFNmM3A6K9gOiWyzcdEWLUqFFj9b23Ci0TGnJ193gC3iJp9u8KPpDxNrnBwEVLTlqCSgFQTAR0jLon_mKjgTJLVyqYIU',0,39,'2015-12-03 13:53:09'),('APA91bFyDG5ZADNyn6J17xdWRVMVOdxeNHPrB3oD9w7sKyJnmQbp23QowOlCwcQkkX5RXu1gP9OERcep01GDIoz6vQWyJyyAabe3ymI6OCjDNzmLY_ai81m_2RxUoBoS3U8fLiCZa8fI',0,115,'2015-11-27 19:51:57'),('APA91bEMISfXanPq5GrtEB0DGQPaNtk9HbtckZqiHrW04ogOQeQh12iN64aRB5qEitdgjk7KR391uFoRXsXHkLO0BdU9Rj4iR53haSkTAOjpAijJHkZF3GVCkC8qDozE_Uxv4JxpVxLD',0,17,'2015-12-17 16:12:23'),('APA91bHXjqz4dmX_Y2krXdpSA0q3onhu80CASvGqDgZ9cdgxb2wOvETEAAoN26X7Bm5oFE7V-sK3I6Prtr8lyf-d9nHMy5bdNX16TnkkVVOED7dCCiVwbgmy553eSoZHdyiw5ciygPgY',0,116,'2015-11-28 09:05:01'),('APA91bHMoLH5RpuDhpfZqxkAPDhT5IfIdxfIjlAAE93S2An7yGmld8vHX-YGwJ55m4JxjHKNKGsyfjIrlppIY3K0ukvWYqg0sgalC_L6cMy_lJizDen2CnV-pdxD01sfP7v1Le67st7y',0,117,'2016-03-13 12:24:11'),('APA91bE9nweI9o7SpfaH84BymkuuWJ46MV3x7N7Otu5j5sYUx3LTleyi4HiwYYd4_DdkZXvNeAvvbe9mkhPX3R5wqVuMSL2E6kPMpBZX-CR6ROTUnX8-TAMb-hrXGyOIigkCVDEH0yDZ',0,118,'2015-12-01 19:57:22'),('APA91bFgSkT8yJeKjt20iej3oLFgfWkXGAcszw2HtEK1b3jQdVUYOdltLL47IJG4P5Uq1L-SEgAi0JbXt7uLVO2nBre14IO_GbUbybRRzexzmJCJ5H7FMRCiqwYUZT-3132peN-ixaGc',0,119,'2016-07-22 18:12:45'),('APA91bGMxcGqRMH1TDwJzTTHhZTo_rco9u72Cd4bQwobS0Thuor18dVAXEGN_hF18eX_fzNEkDWBaolUKd92XFO3vcoN4guPhnMsvC1KGBJO0OUG1EoS2Aif1eXZa9r9iDLfzFPR4Pzf',0,104,'2015-12-02 14:14:28'),('APA91bH2UUnpCwRjd9_o0iittkr-dXM1OZnwH41aMLO6Wm_Yv0cYRgu3JcSj_9ieCMfpx_qO61K39-NA1wV7eguq1j9m18RppbfnHy_oAfeUhz9tZ9a1P2SaB-9Rtl4z2pVmk6S7dv3l',0,120,'2015-12-01 22:33:46'),('APA91bEsqFI88vlLApDiRSJXrTbY60roxSGUjOrepx-CDMmfnxSb7VSyWMg6wT3MzTgpAB_-ZKmzTdSsQ-mkfL8n7Zgvh5W8EMS9AbpZ5wpc_Jn6iywBjFzVk2EsV4EqYI4vicS7C9sH',0,121,'2015-12-02 21:33:51'),('APA91bGHtRMBaLI-8Ooq3uWFXdV-LE__mavaetdd6qntekBB1StDfvLSZH-vXKfMYIKOTLMWacV4IKplqlJxrZjXK3iMDgtd8G0ZZ4djf8gp_QaME6bySySZzXnPgLxVdpuIHCKlgjh3',0,122,'2015-12-02 11:55:59'),('APA91bF33ijK8wi6JgEQu1P6xlI-QZe3qBUsC_Y0nCh7o5bfDcTU-ft_KJ-sC2FDmYqEaOHQiPNzFIKhVQo0HD6L7qHInJc9K6d4uHk7NKdYCyIUJx6Gc9tcCAYiDIFWSnoPpiIQrTCL',0,123,'2015-12-06 13:24:09'),('APA91bGNhHuTKMkiaCAo5MO8Kr3TBDh2nYc6lcFJqkKYrzbSiBl3WUWPgPQhX2TwTKZW-mPQlsnBVZBhz7i-eHIrFc7sMCzMH34qTrV3Z9NUmpRnibcGESmzWdUe87nfze1Nz5mbJBsR',0,124,'2016-03-10 13:15:27'),('APA91bG0iuY_VuOhDYpqCkZMhucCW9co0iPQHGJWBJRM6K4_CDBXL11jByoxq7RhtI3IpD300h3rYr8hPKrUO-_V9P3IZu9ato2moAF2oCH0qyyEt5d_AJ55vuLd4T67N19gpfeh1-m1',0,125,'2015-12-08 22:00:33'),('APA91bF8mk1iduGE-clMZ_WD5id7DVV1kgLGEvtdx67881mgoVnlm5SAjgi7-kBZE_avkT6jYfiD2FDKYL--aVVFx7nWrqUL_N-rBFgslTiKzlxb9vg1iL0caDmjaBa6TN0loGypVYXr',0,126,'2015-12-18 19:02:29'),('APA91bGnZtCbfboc0yE61-dpksyg4KsTA_-AA1IQE2Azzt_nu3xY3vhu7Bebn5F_f09zcxYpMwkAFmEBHx1NBQoXQOstglleViNsN_D6H2r-xAPIFPN7u7wMKkrbO7dPpsYI7csDdMom',0,91,'2015-12-03 13:52:38'),('APA91bGcJnt0sgLYnSwiYe0IlJJNDgxci7UAUJ-bxzwR2xujOwsmZErgnL-qIJ4EoSq3iNmKe4PE_EIQfSSr9-qBtKmLuCIa28_IgeatAuAQsj5_8e0FR0mKt3iHG2HLNuH8t9_aJa9I',0,39,'2015-12-03 15:53:28'),('APA91bGWp7Bu6F9PNazkPTYEOgoxBw96cQFkiJvQBpWOf52XPU6-Qs3R0OykXuaE3JgBFY8tKKgrCVGnOkuxglCz15s7W03hGKCwplzPAv26Prgj9jlbXIP2Fgrw2Gbu-Z2C_vC7IIfe',0,91,'2015-12-03 14:25:10'),('APA91bFgezwX5ibjjYXLNT6AeMPjZWSM3dErG6iELTJD49kFm0-vr7Mf26tqzPkVmphW_dgN_XOc8gqQPM88pxmkPIUw2DcOPUqdGlQpEG1JkOkEZ0F51Tf1JipYADxFgu7dVTF4bIA6',0,39,'2015-12-03 16:13:56'),('APA91bH0KO1IVt5o5gaTqBKr6-xmZ1vjU_v18K3ZFYDyUcHRWpHL598s5peurO7dY1irYhCnqLlFHEqI4rBQVTSXek1itulMo3CraSFjHoGfXePs3RQ_M3ZTeP6N1aYsEWW_e702NU99',0,39,'2015-12-04 10:26:07'),('APA91bE9GMPLxVFZ-HyXenp2wyorTQIQKjjbZc7I03HQ6sMaUrtW3FQdgBjbP5AqTmeblPqSPYSTivZIkuCFhDgieOPuCWOB_CrlzZt2WSi5NiZzWkfeY1q4ubqPKMj_NzrG54HyMm2K',0,127,'2015-12-20 14:22:51'),('APA91bGQQZFGPhlagko7I5Lf7Ojda0mG23lUw19z5unFfIMw2NDIWyzxFMifrFtjQgiFXpClbzN_uaN10Dmdx7nMtJkR14DAwy3RiijFDyOEf6Jr8RBQ99mT-1p6-avT0wKp1F3W4iBK',0,91,'2015-12-03 18:43:52'),('APA91bFfD4AjE9wNCNvfyXtMcrZjd9zzvFIwOat49SRXlj3u6nwH7Z-95nrl0pEBsFFJxn8tpDP7wVO5H26nxQxE7UWMEaRHpYZsDqthsijTM6-6_rp0SuZt3ld-Eb2CqAQTBdhdJmRV',0,128,'2016-07-23 11:50:26'),('APA91bHiAkCs8ola3YqRP8MQzJZNh2o70rIZYDW4Pj2FR2wgrmxeqzAUEAO8QI9YllWp5DqpcSa5FvarzbUIDCndX-L1bBz2nmQRDf9KDjwwEZ-pZmRMj1ofjAVNks2xxkLpcqTfomxN',0,129,'2016-03-10 16:51:25'),('APA91bE_moG7G1a5aaf7kjnWV2QwO7LTA71m_YcFPQPt0LGPzUHJxrfPDtClmu_jjBFlSyk2nr_XrX-sCnGwSBKdFPdo51IuwxEB36n7OOO5yO4Oc5IicT9ISme1fglGbpurFzpuYxzY',0,39,'2015-12-04 10:35:05'),('APA91bHzR0HK5Dw_p7y_lEEPs6HhEpl6hkXWaReLF9lER5Ce61aXeHkCS3O-ATuEhf8ejpbE937oOvcNCyCFhnbzDZn2kx6yBc83wOPVHdd0mQc4Nw9PE0ZsScvWsTcnsyjN5gNvWafA',0,18,'2015-12-04 10:42:14'),('APA91bElERwSD28FvZKzvNoVeh-f4f9K-x2cKRtneKcKcZogFUYm1ExeIu9m5AWIlm2lJ_9iMtccr3apgPP3rxrBbapGjAZYpctz3ICXLb7JpWnaY-8rF4npIVeGCLM2G9-_MkrmVjxE',0,39,'2015-12-04 10:58:44'),('APA91bFx9oD9x5rApBa2Ljqjs6QfKEMPhvpB7ksX_TmyaqqSjs0qaRPDjGDlsXirppeX7J7UOZPsCgtRnNDlW2YFFTDR5l8ih3cpLH3n-yqGuzwu29cMM2soeKQ0lAg9Bsh6FvxbEsbK',0,18,'2015-12-04 11:50:55'),('APA91bGZrUgYNP1NrlBfm5b6sj-3kbSOO3SzIhNbikQT25NRDvUIVw99NjLgaWCz0gaUz1igx6rsm5jeSg3W3SPH15OgHbjqESbTPdVQCT5omwwNCbz9Oi4L3u2c6jaqE84QuaxYGd1k',0,130,'2015-12-04 11:52:11'),('APA91bHb7mQfMjfxcz2ni0IISjjUcomK60jVla5ecKhpHb8QazDJ4h-UDGSplwyxGwORwBdd0N1JKRmsPGpQUc60rVXu9KXOH4wzGFo-GB5bgydex3XwWVEPX6X925xM1DZ0jQtZnvpy',0,39,'2016-01-08 21:18:34'),('APA91bEkMWmEwhWB3T9QhUkLnnpJi5BEYHUgKeWjhO2y8NFgDLGbh4NCZm_EcaKuvT3cxplbXB9L2gaYbwRsOYn3i5-dmlBKaGhUWCgJi6mHT3iMqn1d59-paCf8BJO5JieehKXGe6ER',0,131,'2015-12-06 13:12:40'),('APA91bGrmKBKqQm7JsLEM14PU7j8BPfi7aVKcl3z6nZeTpeODt6-Q9MSEzZHoTZFfkDgJbf-M97hSvXgGruKI64jlulV8x0gwucjOQ2aADc_Jdj09YucWW-rXexFnCxuQLcMxETl3Z0T',0,132,'2016-02-04 20:48:01'),('APA91bEhBq4cYfvDI5uqTNBxQ9t5ftKdEDwwk38iW5EhMLbrdD4-cZYxBZYbMVHHCPPoVfenMmXSHdWJ7-PhpQZ7v5nJuZX3VDqu8KHAOuRBnRLBTIkpQJH8lFUDwQuJNyWDXaMb8aii',0,133,'2016-04-23 15:59:19'),('APA91bGVh6Uwrnrc4ZwTXA3CtsFdD9MWwkxCni5MUKJyjyhBvTFCAlA8a0ufA03vITGM0F9kyOEdFuLhDgSsyujCzQuRWUwVNdDScwAAu2wQiTTB2Av0wqVApjYaMzJMs0oJhpzfLZnV',0,134,'2015-12-08 08:52:52'),('APA91bEJLH3uY3UwxYUD0f5lEA9T2iL19QcYNv7f8CT2mPnRPLZaFkaw3e78VylsqweOK66KqiKMI80bf56Er3j-SaAkjmYTDuER-RMBKVOcNfYnWRbT09DXyeIBQwpOtCxy9vz8v1tH',0,135,'2016-08-25 20:26:05'),('APA91bHkxRg-hyqwY4mEbnpLxJz2jNsRO9BTZhJfhiGejHc6ulYnRTcBydvpjkeCigknL83WH2psURiA-1IqfmdDCUajbPDhM4bXzVRTunWYSa8ydnJ2NtKjarut2HmYGJV8VZEK9X_d',0,39,'2015-12-17 13:21:16'),('APA91bHVv7bCjBsk5ULV-EpKk7TtZFlNOq3nRRk42b0Dja_ZCUZ9lc-ZoPDhcY6UchF3DcNhLoSfCVxJMXVkAZFANgdHoQjqRg79wxZhFl3886rsbm9NPClJvrds-dVXwcB3GH3LFwgi',0,91,'2015-12-07 15:27:09'),('APA91bEvevMj3mF5tCoV-927_8LeYLhJEBbfu7jFZ2rJbryaXDHk-VoPKqVKLYrLkLBJPqjaJ50MM1T_tvwsDjsaDfmpZ6nGUSCFVvua2YfKTYLVXjd65FaNOJ_iSC4ZDbpkqa_yY--Y',0,136,'2016-02-05 10:12:48'),('APA91bGGIMpLQV6ya-9zsOGMlsbTJgl4Ck-il0bv6mnsNCbC_GJ_qJobeU5MbzxNqcNpNqIgJq3vzjaZizH9lcBZELv4sqILWWzqsiurC9ghvW03cwfcw8x8XROxt_2YovhO5IRrbeIL',0,137,'2015-12-08 20:31:54'),('APA91bGz39_mB3EWMu8actgV2I2OvOA4EUFmvICzcUwLEtFH3pMU0x6QUAVYtLnTHVpZINetc3L7z7w8XNCD1XSp9r9w8WtzXc3aYXF9_3s2COVLnEnAh1BmUg16_J9848kLbzw1ZCpn',0,138,'2015-12-08 21:55:43'),('APA91bFexdjvp1JAjVwTiBl24VmIObF3PPvqARVWX90A07Hiqmci-Fpk9hiGRrfBXBCsvE0B6XqBoA8n5Y7ATFGmb8OZ6sjrLhw0wdlZ-ScBAkDPhibqpquKGUEFt-C3dU6HneRVLDf6',0,139,'2015-12-09 22:07:13'),('APA91bFOn_MjWyItTCaXSjYcl_tZNzVLJfaviV1SwXABXjLINeTe-VsEZtd1wjB486Y_z48gxshuBANRFcikMtKeErDO_qYoGmwXxKHzIBTqMxeo1kvBRxsPTGyYv-DxZJp116HuJDLw',0,140,'2015-12-26 11:13:37'),('APA91bHIxmWNiXzqrKCWFqHrdgYJsKl0mXQqiz83a6q7a23XOtUD-ifNFANvJB3co71lOW3vIWWF_B2ON1_Ek9ykf3mvYcZ6nvBFdFDalElUrapVacg0Lx2uYcs-2jRLxV-fBMfNxWye',0,141,'2016-05-08 14:32:12'),('APA91bFQfc4-y0T_qe6fbqfQPLAQRhgdMJ0p-ytnBVMwDCRuvpbRQ0LH-cmHV5k4ravE2YdQ763c94WRYO-X1JM0Rg90F9jHTUXSfz57iby2Lbt4mFyXgQ3-gPiiX9LRvqFEiZN2MG4O',0,104,'2015-12-14 14:22:32'),('APA91bE5gWSpkJULBfCXcFFV9bcpbUB-H50vnv69MrOjZQKiO4DltZ1AueZPkMwcPCygarznkL7D4MumRqO866m9z2uwKzw556lwFDyChYREeZUDuRN519O46H-tfhJpuUQxyWTNXQih',0,142,'2015-12-10 17:39:40'),('APA91bF1RKjwlK6KaKFD-JKxQ9D-gaKUt7qu1U31OsTH55D19cEDNEaITnFtTtC9oMB51JNwWj7ltUO-kmaCtkmXS9M1j9FsIS3SAXkOYvG97626ke_4iuVVO9WQwStOWrOTqa5OeC-f',0,143,'2016-03-06 18:54:49'),('APA91bFH1nSdn5J9lYWJat6SaeaS1Pjd9WMcKSbdWflpYPS5YV6gqYzxICekNyRhhQ1sZqajawqKe-bPdZhTNFoaMiyR-6ZlfRcRAsqqTnKqCt_XWZOVaAlHHG_wODCcPynHTi-vVIU4',0,144,'2015-12-17 19:30:03'),('APA91bHyVCaTucBlCdMERSGOdKqtR-G5uf49GPSBckl9VHo-VSAAofBToSxDtCia69yD44L2WhRMprnSx_gbujJhQVOoW8-_EKv7lYcULINisSpO22g4ickdMzIoBh10vj6bztiP11-u',0,145,'2016-02-12 19:30:40'),('APA91bF-9rBWL4kWwvrDybbyv6zjHIOWFe8lXqqVCYGvQx85mN-HKDVZoWgnAV01ZdJukz3W2KW3WasyKRddVbp0bZr05pn1r8CzJxapH-NY3qMiiml7iL4v9AUYPMCIaaq6B2ksP26N',0,146,'2015-12-11 17:19:24'),('APA91bHf5IahRH-IaYFl9yXfgH7iZw9BNGkUkwM9wBITgJFj0aYSu3_7kHK5Vfa5zreN89odUbh_HxOJb2qGiE6xxDCaPTn5Wqz1kmFKkZj5B-eWDybGFUGJV5bA4u7BGwvHjH_WPSP7',0,59,'2015-12-11 13:23:12'),('APA91bHT_ctyFO2Z_1qZIIEDB6jH6sp8F9VaG7An1vfHwOtalYBipYU9EoqX2PXQgecIT9Wi3N9RzW0_Zfwu_pSNgbUHgajkm19ndU7mNhAiw9ffeu-G5GtzyTjvu0iYHAB7pA_TolyU',0,147,'2016-11-16 07:56:29'),('APA91bHEwqqlHjby9Ka-VRGVnKLIznNdbF7KDow7gdrPEVtTWd14Hid_4nbtCCmMjA2IOQB53TMU3waEvehZPGFEQGC_CSFY9HiQ38lX6mBvZtAL8Tzoo83trCzFNvrWZzK-8NFb6L9D',0,148,'2015-12-22 09:27:12'),('APA91bFsiCS5dlZE3Xvvy9A9sPz1BONKfaBQ7m0tFA-enTHicf9PCyq2DhtZ5MorGPjf2FPj7JXPc077w5sBU7QNWYvoxaGhIFUuwVUZdiYSEmVyZtT1IORHRsxBQ3cBLXpUGV3CaiTN',0,149,'2016-09-03 21:56:03'),('APA91bFjgGMqfWhpbT0kHEpBudVw76Q1A9Nq2B4VEAwDqxLIcwG7arOAsTZ2_X-nB5dO_q-NpvBnI1nU98tcTOKAAVGXvGGCYfT34p6fMaVzU040hK1Ih21XTLx5ychMMugpZ5o-JK7g',0,150,'2015-12-12 22:56:31'),('APA91bEHoiH5ZkkbDQr6NoCrQ7Jev6ju6Y0-lyo5tLMc4YOW_5iS9wKOP_g5kDri8ZKYrHz1Fj7yMKDrUvfeyHiHLo26FxMQTHyp6qJQ-t0NwAd9NyB_TJuAsju73buFjsKqeAqwRsVK',0,151,'2015-12-12 22:59:17'),('APA91bH2cEA06LPb6oLgPl84Vd3-J8WcU0DUzyCFn3AkSnGFJiBWbOfhf1PXs6Wz6A1qvPRJRNqZtl3KbBOE6AYv7mzuZyMc9OWglbf-YyEops5pYHUHWG1-D0X4SlzrTvZkL25JUmct',0,152,'2016-02-08 15:55:14'),('APA91bH3zFzIP7NQKr1V4Ky9ZPMdVzXEDKvuBpmExppmawaRvZQeqm3d9sV4xLMk23snBSADjVQDQJEVU3YdQOJ8qoxDyfajRnlfZ7GkPHlmXfZoGxWGSmoPPRJ0zsa2niJ0joKhEO6I',0,153,'2016-07-11 15:10:48'),('APA91bEzf9LdlL9I0_7632kneiJLY8kMGzmu7B1c5wOEnJptwnRIIFbYvD-Utb4UU-A8xBdljzGUnP8Jfch6s3SauK_Lru1QJuStlz0kEeGbAwuj9VxUxocVRIIZhCPqZVT_RbMvr7Hv',0,154,'2016-02-06 16:51:12'),('APA91bHVq-BPUBN7kCTsXyG3ChHqIMHaaO51XAO9BHBDuQDlf78nxjrcZmTALt1IDnqp-gv-coWZOdo-sg_JHjPh8joz_91fktSOkzbSA8-AcnXdj1nrPAV2pdqnGe6XDnTKCficu0Op',0,155,'2016-10-25 21:07:45'),('APA91bFcN0VWCqsoF2kr3OMwlvz2nTLqeKIkYytQdsiQeHV4JzCMCyHf6SG2ht_uQ2K77GVMlmhpmggxc_8gMuAe4CBf25TVfFqnuV2schDAvgqtOlK1o4wnYYhjjdBAyQIIz1hLmptH',0,156,'2016-10-05 13:18:56'),('APA91bG7RxP6VkX9T-0A9sdwdaGpE5IPNdDuGlOdvGq4xvKkOOyuYdqwYgU4gl1usCJG0oDrM8kIM36XXkFYSl47WSWHYSi-outKn97_0xair0sa97GtwzNKod12KTpEYVZs9sp2Y63t',0,157,'2015-12-18 22:04:12'),('APA91bHvvI5Sj0awflRgi1smtGBL6Vyqy6p0LpEqmIVYb_MICXIPLmf9ya5K1SU2txEdxo_DJ1yJfx6tzhpCh7t4EoOgLgmbtmBetmZnEaJNGHUwkm9bJtDMD89e7CRZXFlfkOW06ZZq',0,158,'2015-12-21 20:04:43'),('APA91bEA6Vn_KFxID3ovH_k4Nfl9_jJlhUUTZg5C2XPeIwPTfXmx9d2lPrEaPKcsL5WHYdnGahrrju7nQeW-7RnWKL5Lnf1Pk4cEjjfroUsIpEg7TXp-7UZfqGJRDlHOe2sTFeB_DiSu',0,159,'2016-09-15 20:07:20'),('APA91bHPJIStcZNnapFWXStKaqkMldR9bmpcETmbs_-ZefY33De7FbbkMbpQBxDYLnvrlYzbZodOR1ZEdQCtpnSFW6GHfTdjnMaf8lAQz8ZhzOJS8fSnTaW3ZLS4HP4ohsm1tP87OjbZ',0,160,'2015-12-15 13:25:35'),('APA91bG8QeQxnfYhA1KfNxwyCR1I0ROn4M0x2BgyH3ZyUTrA1fPm5_itXwU8VvQo_mwI5YTq5s7aFYUYwC9q5dSnewrx3uLZguiUV9QtAlWutCnajAhCWiYBH_hRyo4C8Ej77ReBnCNe',0,37,'2015-12-15 14:46:45'),('APA91bGMdZW6wS32JCX4O3oOKDGo0QtG3h3C7tpgd6s7BQyfFh3kfDcNx5rE8UXjHn1vBozJC07QrA87kCn11bqOLt4F-VORDW49oqEGfpk3pm8a5QA2jh2oh1c9bRwf0MRoRpKDXZWA',0,82,'2015-12-15 16:48:44'),('APA91bHYTrdImqTLNnzIK6ZHYmLdkWeBh9gTaY9weCXONOUhbEemzJRHOasix3evzDXGzCpPsoxsIKTxvyuT0n85pfQEi1LMheB-WDNbxiLH42GnpW8G_PPXncfBhHK7VB7U6_XROpYj',0,161,'2015-12-22 18:59:52'),('APA91bF2glAquY5n6N4dQaMTkWwXpRXw7VnaEmxwsOoET3JzF0UcuPURQszOgJplxXpZNMZ5AjBgLfvMcRy2Fq9EGpGI_aWElAhv94wXZTau9o2CWoeUAKProQ8D09_W62KWTUea_XZ3',0,162,'2016-01-11 11:24:17'),('APA91bHYzANZtM9CVRG5MbtNojxxPZRxz6Od-JODVfd71eSaJ2bmgMiUpiVBuF9fVFOHjtHPhObazj1a5HMuf1biiMJ5ljIeocev7uz4aE0_dqmUsq1hDRDeazH0fsYimUUUsDLFV6YY',0,91,'2015-12-18 16:23:11'),('APA91bGZDoJ8N1XJbrTiLtm-lYh3Vc-70oIk7HODo9A6Mkfj249MpUCNcpOLhtpCShoG1wteJlmtemT1YoDk4tLPweoC4IrDaAy88Bfug_OFoyvuBCG5gih4v4DJxw1HeocT7AqkdoIe',0,39,'2016-02-03 14:54:58'),('APA91bEXFJ3hsaTIVlJYXyRGuesksik7Prl5tlDKUwgjIv-9QMlcdPxi4vWOSoxrUIz6G7DjAsCj7bthFGamLv5Levhjzo_9QweBXctNz1PodZEyyyH065k-deR4GZ0eh4T1wWfYlEM_',0,91,'2015-12-18 14:33:27'),('APA91bFPXynjbsxfeqIsPXf5lqn97U8OytG2VIFFIYjl-q61DRNpZqBW0f3EJIBpmbEazWC-37SvllNLX-rr_CW7sANQbPuariizLClmqstIWJ5TAyteguDDCGALvMyGAJ27xDMvMYzZ',0,163,'2015-12-19 21:59:55'),('APA91bEQAF1Xzme9m3YJy_-CtiWEIpwqf-9LrQGfXEPkPAOINoHduWa7zAPIrgnTIhbWzd3AcayID33iA1hdF_jZhQZ30zUdoh2rWLVy5l2aKZw3B_21uvF96Z_W1Trfa_8Ccam4Trjn',0,164,'2015-12-19 01:28:58'),('APA91bHyo6aTvdCJHsjfljh56zxzY_XmySxNP1jUAUkK6riRjpDQN_mJMfUG6cV0Xmk2iWJ08A8vyYB8eefCAWZH8bBykbN_vwzMHvaKxCBIomqj4BauQbGa8P1skWNeMX9FALogIVps',0,165,'2015-12-19 18:45:41'),('APA91bGw5qrTvmZqhXX92szwTJeMWqEnspuPR6Et5yHzJKdPngxRKUY3l-35eWeNTNcl-vbYI0_iSFNRKU1buiiXqHSUOIqA9VK1DRbSZgDPme5ZKZ9wC8ZAyyt-YSlAxvLDc6nKxmxa',0,166,'2015-12-26 22:32:45'),('APA91bEqXzCQRbyf1vYZ-J4JXKlu8hyAjjV5e27P6WN02mVaFKgr1TjX3_7TIEudoGKfNxO6bmet3mldF-gsTviXcsVPXDI7l_bJckxsRIj_DL32E7UeC0U2kvQqdvcowRiB7w7cTdOR',0,167,'2015-12-26 20:32:51'),('APA91bEnpBn3dZQWq49SkGLygs2ouZPq1ihXFGl_aJ1XIgHOWqiwKMwVQw53BkDFcApzOziDAM1H1zc-12KCYiD3AF6QbAwW2vtVKbqBJnJo9xycL64oxJUcoim6uxJRnRqI0JIj9DE0',0,168,'2016-08-22 20:38:16'),('APA91bHMwMVxH2nMBAPwRZ8iN78dc7UTzcv432ctRyRl4Egb0dcKCJVHjFhmJz1UG4CEyBHQZKwBcPXErKQEzxS4pspXdv_nOXSaWrhpx-HuMFH29V0iBgcFcoUaKREUZFTqzPgPdPix',0,169,'2015-12-22 15:01:11'),('APA91bGegNVhtj9fUAuF83TTsLYii8qhBcyTD6yqcbRScdMcDrghTGcEW7HiD-9ea-bO2in1BXXiBOK62C2YtaV7fa7JLudM-eWG73kXAkWUlQ1QNtWC-0yBcF97-H1Ev-KSUUnH16Lq',0,11,'2016-03-23 08:11:54'),('APA91bGcXZpbOts2r1173ysZW5xwAP3F7WXcggs711z_42u5Qa-Pzi8aDq-GTtQzvMCLyMUv31kohhOAuRvfQ566_DMkC_6qQSH2P6AuLhZevZN_oSeFX8cbXhiSsvr-MiGKiWMxkMXR',0,170,'2016-03-08 19:43:18'),('APA91bFnJ4w-DqympOCqHXhQAtGZsmWLo4FAP68t8J0aELJouCXK5MykRGUYER-WcTHVuYYd6Qug8BnaP-UYtSlboBNkSLjX5zlOCZGAUTs3fsgFVgbUs3idkbi2VBN88glPfX_zWAYb',0,171,'2015-12-24 02:04:53'),('APA91bG9HH3ZEKpe1xEjxXCYpoXL7CQE5UIJHbPgJFFL5u-D9kLjpfzQ7ngE5uq3TuFunn4ZW-WMd3qGOu-Hnhg43p9QXdXZ9PqqOxAG4yak53lJrBwfZYPwPsHW2smBh-s49QATnvjV',0,172,'2015-12-24 10:24:30'),('APA91bGXWXFF6uPWYgzaRzStw0kRzv609hfJQjAoLuk0mJFSWv3zoI9n9nORumxKg7ew-Q6MOsldWZdLYzeG8Umaft6KyL-bz8HAzWgeULmJdDez37NAfFv5c7y6VXgC5FLdDlce4mXs',0,173,'2015-12-24 17:05:12'),('APA91bFUxhoa-TDvaRcBy_wdDHxLAaDxI9NZKWXs6EfLKdlzOWqRlN_MOWZp-U2lJInNCMYefiU3k-brebL3H4Udg1BUTjs0lu9YImKDAg8lKOa2zGa7yAxc-DEMrk5haoyA5Dk8AIqN',0,174,'2015-12-24 18:26:24'),('APA91bHQY0nnFLTVpo2g0i1t7RNFUzDAphJ1okYYt6zmoDhjpWGdvaJomN7nvPaCWHmMZX-GZ5h8mYR0CWZlDbzsYQO-vu7jAKmf_K5IIkuFYEh4iWCS38nQ3ivBFA9K71WMMlL37FLp',0,175,'2015-12-24 21:55:08'),('APA91bG8y7PAe2HYbWSDB7cb2HlEi6wJhsT2upfEef6c8NH-InHsdZIofUyGX9Jcy35O6na5rYa0xhk2PNt_goPn9zAaT4NVKcqKUlAY663PtHrRGt0f2dDyNNTjJHo8AbWI4maVXBPM',0,176,'2015-12-25 03:45:49'),('APA91bGYuTEOi6KDH98i4emXHMpLduaNsAaUZEFn1a9gKXI5UkBUmhzf8LaQxiQzyAd_nKoq2sha_rk77a4Eu4jBJZHAcSgCwlG2P9RtF2EKkaBU56n9E1RhuHYc07PnhRS68VXq1lOh',0,177,'2015-12-25 07:23:58'),('APA91bEFj3w212UHT0M0LXfGrF1kKMk_9DCAKUVTFNb-i72o5y3X59qZQCdvZUJs72pDkVTDv3H0pH9_PM6038h1OzenPnUhdfM6w7IATR38wWm95GlSE47-l_dlaQZ4opJqTP8sqoeu',0,178,'2015-12-26 16:44:48'),('APA91bHo_OeA6u2l_kv6qIRJklHCvz10KubbYsvxaXAK24q0jBqPO6Pir8mOzCMeQZzyFyGdAfePf__4ULyARtTG2HFP5MV8N-_8btOGmuRBfLpQg6g79ChY8iAYm2JgAKQ1zGoKB28c',0,179,'2015-12-26 19:06:38'),('APA91bELrbIXVihYHnfZJf_DnyU_Tp4ajdE1RB1_w5Zr_5qvH-xRUSBw7qw566S1k-Bp8W71bFfzmANw8NnYWJsFee_Pc7gzLSSbDmjdo_BJaVF2KgMjB-BuOBQjdKqXL4G2CMIliFaC',0,180,'2016-07-01 08:08:27'),('APA91bE5leu4NYbn6mUn70KPDQp1yeA1okxJTqFHEI0n4h0HK2bEugObTZNrEqyfJICgYRfQff3-sLLkzbISoQby0RGRh9WTCk_0ChBp4GGOZZuVAZafk2EQF8cyTA4jzkV5LIIcR_qP',0,181,'2016-06-14 14:55:11'),('APA91bHWSBiJ-kWzOx9vs1bRySUjq9pgRAioIfhJtJOF-zelBtUvXL3rxRVzmLqZ3ZbBMzTPY88fI--Lokinzyzx2D7UAy0tRc7dyzIA2genhaRIizREULSSI3ShaTKkJRk8Rb53rCRu',0,182,'2016-11-13 18:53:23'),('APA91bENc37uVzLF4hr_zpB33cvPSvan2SOguqwfSVOZCmDxlshLn_43AaO-U0s3q67FGl8PjC-EEdUCC9q_eXzHp2Dof8W82eMUqPnYYUzSvchlKV1nlJxNZpBj0a98_bUZ-QvA2dJ5',0,183,'2016-05-05 18:13:09'),('APA91bGrCT8kOFE_FlEoOa1VPgJFHm4Pzkci9QA8qZ-f-E_Q_dC3KBDOkj87rMY3NWXLN4pPlSW3NCtZQRxyvbwIreAW8gwfrfUYOj_Sq8XN97cNQW0QmENnBi6GpoQWfr-u3oNXOARn',0,184,'2015-12-28 12:47:29'),('APA91bH23_7zavIk14BWYPiTbamUl4aWsQjbrsgNJBoKEWLcLu2Rq7FFTw9QeNrxy2kReO3ohkmeApFvEyhtpDgAbsd1Tpo55_J2D1j7o_upWpBpCTd2tAmLUXCnYiqqNYRhqVPnygT3',0,185,'2016-04-04 11:38:58'),('APA91bEi90NU_fPu42Vb5jtZIu6rK6qyhlEJEWTveI7A9d0hv5W_678T1oMMb7qsWS0hx3PFBAG3xBMhGHppju8TDMmllK03qV5VrR-Cfj2AhghbLC9Y_O6neEgAIm5OQsMMG9k_7tgD',0,186,'2016-11-12 20:42:38'),('APA91bGmBMPn2G_RHrgkR5QmLzsiFXnT1ZV5smHEq6ENxYq17RpthsAdWH-R2ghPzPlxO-3sSuatmkwkWpStZWwFm6Z5jN74vuh-6WN1yqqghnry5noTRzaFO36mmy0AUZ4AOs6rTRut',0,187,'2016-03-30 20:41:55'),('APA91bF0RwM6Xk-GzUpRGeM6m2tlCSuWXAXT6JLTeJG0dRIz3SlurTMIAZirx4KIC9ct4biiL54Rr2EnPeBzJsG7zk3UpbjevSb9nhE57pcp4pklAisqBtQ2cyJZ7TPpH1OurwuggrPk',0,188,'2016-02-28 14:13:34'),('APA91bHz4MSxJqtNsZSLXCJsWIJqe5I0_-UFGc7g7rNXlV4VQ54XOK1VTEEYyMUhzQWMVdYdJ2evkBaVHvezKXKZTAUB5fgX6IMuT4cVz0jhJxJxwNkfVboP1DdFQ3WLfcg3ZlmA1UbC',0,189,'2015-12-30 14:28:25'),('APA91bHVqDmZW69Z6GHBrxGtV7FubirCum4P5SXc2jG76wQL3JfrKnwuV2FUgDlFX5EwqTC2rhcW12t5FN0Ispq4zLbE_HRZk2ey0dMC7ikKo4hWaxoz7u22l_7mXror24dA6xrd2eoQ',0,190,'2016-01-02 08:58:28'),('APA91bGEAascGR9tKulfO7ut9JY4kMf1asbSj4fHEvinouuhJgNRwJLZz_O6VI6DFwB1w_EjIBR3MJtWjPbBKfBBq7r_-JT_GP60X0_jqwjxzuLQILb2ueS3o-73fKB8bOGawlXbhgT_',0,191,'2015-12-30 20:59:00'),('APA91bG4far7t7_9wIkOA5TYPauJ9iXgtKNzoTU1hp4QpBtw0drkTj5qrAytODjKwxXryZg4mMRKtqepMEUz3vKnV2bkYZPtfRvSlQPKYplkMgoXlFZO4rlJdAtxrxaEF8SeI87UJMfv',0,192,'2015-12-31 20:21:45'),('APA91bFDgdT-kFI7jasEpe8Xb9qGfC95I94mSDUfYebAE1_Bi9yY7ZltxM2pcKrvoauOrzG9r6GUdumZ6mauj_jTtyzf7U2w4pgw1O8ZPulj6D1DrfSHV2iO2BNznej_iWFJ4Cplo44J',0,193,'2015-12-31 18:55:43'),('APA91bF6xNMC8AScpS8D9yDvpUVx10fErA342WYBS9OIu-B0kvGFjxviR3SEnBUtc1tMkGherZENqXmOpHZjOSpZXZhfBwSnlnTZKkmv8ZZ5ZjggaEWlwXsL57kUdZd63tM5OouSVebJ',0,194,'2016-06-25 21:17:48'),('APA91bEReor-7D-mOzU-NdsUIvWVeNVYZw0_TUYZwoWk7uSgFA2BusZTXGJryyrO_C-7vI1pLO-ChC-Oo9s4V7yFmXqGzMNPxsPsuVULSyPo7CT3xoWstPnC_Uw_2ISIhH--aSSKQ1qj',0,195,'2016-02-07 10:30:27'),('APA91bGY2bhOsUQqO_mnzVrVzJGuFOrp14Z898dfykgjxMGQPn1X0E2jYBjhGCts9nQZdbJxpFrG4USOlsorp1Pqoz6T8qZUASgKyYjVy7a_0jZsG4HHQ3GEbUfqa-tK5KqfxFiFQZpz',0,104,'2016-01-18 07:04:53'),('APA91bGurHRV0WXQMdrG4popysxHxCARd7-9eSMwONJp2DWmCQsFUkRBH38bEDA_KZYhW-JHIERJ-XS5Gs-jHI1zapBLuXT69RJFOpW3Sb_XqRNj_n2Ph4A-2C_b6rRUrOqbA6FTzDoV',0,196,'2016-02-20 17:57:38'),('APA91bHJmO9tYAO_JCedkFOIiskWWPIU0nj2cZj5kYdFch56s0zrS1vFyHo6MY_tX-oUllVIgh38S7gXfB5fLWc6cu8S7-f07NQYuTSdfsYLBGZopNkvNwVj997HzzA4AMd1abrdiaLy',0,197,'2016-01-03 19:13:21'),('APA91bGiutWgsZwq6Ov8RHhQ4K-mV10rZiWg7He3e1yZYddt53UIcGwqsrVsxtEFBAUGnDYDxBpkUrVmedP1HoOGP-mTGALt7mdkyaH_PSUlcnwvg5Iad-PXtZjG9tPiLtdXbaA1iKgL',0,198,'2016-01-03 16:53:01'),('APA91bFJAwnGYzkjc4Wb5llEUpo_UGxbTkP2jHfUSMTdx4vww9V9R1amwYbSMXemyYBzB647wDKIA89zv2sEhgJ7sqoGsfH1sl2zdaJC-GbLUYE1rxgxHYsquVU6QeNClLOAcwQ-efVx',0,199,'2016-01-07 07:10:09'),('APA91bGt0Td7fC55TsGjBYNqXffZZGIMgTBmGYwm9RoDVHR9GgZZ833ZvxBqWOO5W5DxAkT72Rdo6z-hzvC9KpFBVU3J28lm3T-VBbf5Dal7sKPtXFnT-6fLveVN0JKqQ4p2qlYTOJn-',0,200,'2016-01-04 00:15:24'),('APA91bHj23mvE4CXSfCdEU4y2wG1jZp-u41S2rLhM2eUGarHd6HvXaaIbRRai8tNI1qAwbdfrDzvG7wzKrzaUKjNCOm-z974dCNA8eOcvRmC3ka-UjaQJtGGmt1AJWK17OoxkeUT-kvy',0,201,'2016-01-10 12:31:58'),('APA91bFMJT4RZTmQZio9z6WXXc0ChIGTGepr2UXHlENGwoQ2aPoaxWSt3SvXF0ByBbvFe-KTc2QMk44yBtsFdcC2ihP7A_OrzyxKQI163DwArg-nQaamQMnwncDzCrdFzR2YdRN70-Ww',0,202,'2016-05-13 23:06:26'),('APA91bHcOV6jPVcLYjr1afSm3k7oFyAbtjGf2s0sUs2mIfL04uiDb6m46oeV0dZsCNBM4F3A9uCDx4EbjB9U_6RiZ_WQjaSbGBu5a5Lq10ntfd2fMzRU1yP8wG3bSDM5_XdR_TyLMSnj',0,203,'2016-01-04 20:28:32'),('APA91bGPPbN2FoxDSZT4Crhi3c7FCWE5QSdkFeJF98MDrymqYAv_gmkhu6sD8wiS3y-zkwtfziQZ9fjnUPhg3gaffqa-VWgsXmZBURpMJsBeBBTEAFEWkS7hrxuXtavxVDHQlUmr8th_',0,204,'2016-01-28 16:57:24'),('APA91bER098M1KeZhqadJhrfG8_Mo4I2kyuSGNWuFLQfMH_ichOCqGOtIHmwH00-Ju-Zg-qzJqgPNHkFI3X105_l49jW9lB8WNmjqh8C6qaLtuSDj8yGs4Z4_Lc4tYp3_QWaR2JiN4rd',0,205,'2016-01-05 09:16:49'),('APA91bEJ4uxs-UxYYLBNlHc2kmgQZLjmqaz3wN5BrpeD5ayMvrD0emMtsQvzeRiz8q2xqtDEfC3KExiyE-4sD_n7sNnTB2jGh9tYfWYDsnBJqHkFt3EPb4rteOiqps5n0WjOHuMh-BTU',0,205,'2016-01-05 11:02:44'),('APA91bGx44axFEFfvFlAxmJzFDUXPB0NGpgJ2UPF3l_sPjiFRhTmCp3ysmIocn3FS3QVc_mC2K1082_EIGybKHktrVz69rovQ-5bG70an9JD_umY-2ZPDvjBHHlcTBHBTyVocfkGaA-W',0,206,'2016-01-10 09:22:25'),('APA91bHpAeld3jE8jMGxELcOENTnqh0nVXmvoacNFwAAejUKlofMU3NiPVYne-GxBFjC8jif_UnHY8ItVq9TttyXexwYV4WQLXHkUcOusRkIHSrPC0W6gq0Jb6xasrALl9TLGH9B9N_f',0,207,'2016-01-05 20:47:04'),('APA91bFLY1K_Q1zQhgaGyUY3VeOPnUcX3xFnLzxSbO-7wm7BSsgQIuIX3EV2wQy8GuKGiTdQhbf5UxV1oItMX-WyyAiFPO-3rgaFsw9U-qYNqbQ8VnF_QpG-tx8TlL3X8i_-nBIeJSRZ',0,91,'2016-01-05 19:47:32'),('APA91bF1OvXbgB9c9our75x4oVcPTimC4NguFJYmU0QqD0TNR2Prt-v-HpQ_RLCTvi9JFA-j39gnhunHG-h12tGfqjV5gzksVDXpKV-e_qCrdknlhHM1S7u_6KSu-MrKUOKHBFXRiKCX',0,17,'2016-01-29 11:00:00'),('APA91bFIBmmHWwbQz20dERExI5i0WySDfFSc25wqoV0o4PT8wBbqtUdwWRvKt27-HswMp0XYMDuDnF5Qv-A74x638ONkhytibtxGt_VvZ0UoAmoK_gwzXqH51xXUjYmzM61N5ktB5Wqi',0,208,'2016-01-06 00:49:32'),('APA91bH-0RtwXi8UFgGZw84guMVl5BZEZ08IrifFwsTpeqdV7ju16O08ILIRb56i83t94khu4-Hc1bnRhNcO8aZkznFwaU2O6HAGSB-ApavZg39TCZvArirk69EaDnkRvdxqjXWekcem',0,209,'2016-03-01 17:45:36'),('APA91bHph-dgzPYwAosZAp0pZHn8Qrne1u9YfzbQ_UUffOxmox3lJIuT55Q70t4OlwldZcAMVPr1GZv54UYRmxUV3DVWJDduWWhJ2fVYWMt0Tn0CJsco7Ybv5XrZcjzGJgjAgHZiD-VW',0,82,'2016-01-06 14:48:32'),('APA91bFRZYzEvu1dYPj2jg5amfaz8Zdx5b2kaRsRVapQOuUELoWlZzgjnZQcgZ1sDjD6M7XIxQmxqYyz4v0PPj48MNjgr37-6B1M6OpySlxk9OBS_hU6LofCr3xGDLj4o2k9HIXC8qY5',0,82,'2016-01-06 15:00:47'),('APA91bEIA81n5A-B-PbW8HQ2tLeh3rnD7cLIUg8JzHSWNkequBpQZaxnBNbL3Wa2EwK-j5tmtN_oTEHdkuh8iW7ZvgD1HsQjH-1dZ1tVMM0hSGtHhfTAuNT-l1iCZ1EJgil6M39iCQzK',0,210,'2016-03-07 18:54:04'),('APA91bHPtpH4wo-b2HaVVFo3sPLH0kTyTawWdBv3AIBTFIQO47T87sw5d9JP9hQIhCkbO-UGd62kWFBWyLkQLxP1dUPExKdsIQffqT0oefnutnR0UDucpuNMP4RAY-PG3NqmNZCQG5va',0,211,'2016-03-19 18:37:44'),('APA91bGePwNE9kzzkLJiMxfXg8hZefbQ3n529qlm6X4C1vBCT3biKQcwURyIXtBLBTRSFoCSHoYteQbCIdUZcUF5StobhUQgl8XDt2uv406V_ksDXMKYWOPrt0_slF2uTi58GFdT5R1r',0,212,'2016-02-26 14:24:30'),('APA91bEs145hexJ6pQXxFKMsfq0XgDF6NWsHnRB6G_6ZMnr8K4Fl_Y3XdKoaIWcQLszPGpyfQ7HZrQ3i3c8i8vFq6Y5GbDOUsbWCA89ujZWUvuStGFYTrVqOaBNi98GZ9Ay68ONDGT6m',0,213,'2016-04-10 13:51:46'),('APA91bFYrzXS10QSXI1uiHkfIaY7q8jfuzwfckzZG-Y2QtVzIWjadEat1-5BDvSQ08OfDDjA0PUkK8Qnsitt5-PHRdUaGQKHQpFZzC5omJyikTc53Gmys4uvNYP9J_7J9iQJJUqZKpH9',0,214,'2016-09-27 21:34:26'),('APA91bH9iocYt7jnw9OonDBIoyie_B4PrFa6WzDay6eIk3ROoKvujvaP3Xt6z1Y-s1z0aHXJeAPOVLNVN0II3BOrpyZB9liW0_MWq4IwTx73vuT6TmPb_8pMfuG1TSy0m1YxKqlS1isy',0,56,'2016-01-12 15:16:34'),('APA91bFEgUejOTa5P106wlcfpvkrXeuIj4dF31kvs0Ci3GvlpQdz2a3WaX7uhLYj5WvoIVe0Rja316TOKw5xypFpcfxBZpKog55LGGYZkzdNBf9pp1ZZ0drynevsdgyp_ptmMFgmKI2B',0,215,'2016-01-08 20:01:20'),('APA91bHbkaNQGrEoWgWaPVBV9tnKrXBwyPgJAbGQjWB7rJm-lQUbxSEkLxubqAjonoQLv69c5uq3hv8c8OxPdFkbgmhWu39TUXJdFSkKIzIG6MOAYLzgdf4DsQnotJwO8-PcMHHWJ8Qi',0,216,'2016-01-09 13:05:35'),('APA91bF2VNIqnYUl1YXTaP6x6lyTC9CbAoaHBE_9A7CllCRmyVIKleJDm-bmU36Zpkl6lmD8KyE-O4LW4nGUrrdxth8QJhCNmHLAGey9Gr8MPJi1TwWDl7VUFtQl_2Bd8Mr2VNcLp05S',0,163,'2016-01-16 12:23:32'),('APA91bFfWsBna-Bt6UqQX-jqC_Qo352GIUg5MhOUJ7fG3kXdgDr1yA2PxZaXDuSDPZNIY5Xq_RmIwm53wZnm8vJqhBxnfmjMYth8DG9ulWzas8EvsgpPMhC1lkPbDvQ2PftQ0vx0Lufm',0,217,'2016-11-09 17:34:45'),('APA91bHE19_Zis6lfcFfYY0eEDqBmQ1wFmgFhOH6w1_YRU_z68PPUTDr5iLRHt_xn-yM4l46E4JsQAfYknYo2JZ7n8LdqdGDb7fTa2acBX8lnu025U65LY12v_O9mDGU3TeCC-LYFDl0',0,218,'2016-01-10 09:16:19'),('APA91bHZBcQJ4IMj-ouX0joVk1RLg5Gdxp168sn0c3fb4AbTLLUNBROsKG5jJyFMkJglMNc643C0PxjYGDtxXB5k2wazroR3C6hIowxolfmy5jzLylLgjB66hcccdKLNJMMqhLoFAJae',0,219,'2016-01-10 09:40:44'),('APA91bHVHmohbARMFflkFXGsAdYtn8aKOtnc7sVtY7nnV8uymGiRd233JgHESSyPW-qk00XAO__wIV7bJ6BLkws97lvchzit07xiQF1ryfAEyrUcs1CEcmwT2YXrurFUjGG2gdCkbaRX',0,220,'2016-01-10 14:47:08'),('APA91bHfXGnwBakfhd3rhSwqf-xNPdafEMRR3L3rbnURvI__AFNy-u91XaR8Ak0ZFA5YSf8a6rGWGWqamZYSwXYBDQ09Ct90bObFzufBsV8TaUeD6ay09AYZeWE99_ttDbpCrBbmQ40Y',0,221,'2016-01-10 19:36:44'),('APA91bH7UHeOAw2hsRkwYAHLxwSwRpzkRe4m4w-rBw-AP5Y_ofnFq7BLVbcZVbrosHS8eJskquTeOt1t-HKBU9nLYjDhzXncyHQr17-DR4I57F7m1bTWYZkFOKNu5M4HYe5DHZJzBVgk',0,222,'2016-01-16 19:57:04'),('APA91bGYS9fz8gF3mVyzergv53DQcBOCZQcL6NYSXASar0ncKsbYmFkRo-3NLCOXj1RwXErGGHugjwSHsbfhkB9Ieq-j1oeDMIDwgawDDu8LJvaYY_c6mR4HN4CirnhB77eXGTb86Bf3',0,223,'2016-01-30 02:44:34'),('APA91bGkAWbCY9m18pySlCa6-MtLC5P3R8tMc8BBAFbDoUdjm6Sj6x4FAUpC1Eec-SJafwwetwbF6xMWiWGCde3aTLVhsWfv_1i_9AHS7RuYwW5oBDLLVK9fd5LZN4dB1tZVMDuBUl91',0,224,'2016-01-11 18:25:13'),('APA91bG-ofQA0wBcA3th87ltuTKvZcgo0Zj6_PdV6-HdhnmDE8GDftx4iQ6txI5hRl3dOr4GpR1nLUx2WKasgL79jMS-M53SPL7TTFTUi4MHpptFkSA0S7wag07b_jKZFK7IKKXgFM4A',0,224,'2016-01-11 18:28:44'),('APA91bG4zlSkglFLoHVlSMwl4Q9HbAbedyc2sU4xq9bxvFpbkOsjfbvDhc1ccL5NIbUYpnZ7TBFtvs8ioAEyU5QRi8em-nsDyEhQp1-RFGuhfTLMgcNf0UOuQus-CBuVtziiPHq0Om3P',0,225,'2016-01-11 18:30:35'),('APA91bH8Gg4jqC4SN1SzKdlemGtOFzLTsukK6kUACgpa_C2I-nx_Lwg9q_fo8VT5bt2kFnLHNE9hWTgh6b301bIzn2ACR9supntmNCogrBNkSSQ1eV9QTiu2LjYFJKUfVqIjl3OpalAR',0,226,'2016-01-13 22:08:20'),('APA91bEn4Zt1gF2qMX68wx2um4QjB5er5uO9K-yAXnjRmvMHhyPrRXQpTKs3nSL48GI45VTJNTFj2fulHGuC5bVuJ0xyrN9xa8r2gu4ad8K1xUj0ioyQc9U01a5JuDP6iBe3bYIn2FK6',0,227,'2016-01-13 16:20:35'),('APA91bHGTkblctiXNLgdsKdIiq6ILaUsVmn92FMFJ_j6aU5I4z1rrQ6PdrTfGiADVRoRLnQN3b-04n3XNoqqSwtjdRiV8O7ZRDZb9Y0zytbg1MnJH7M76k1KJrU_9steYV6VVbOr2G7a',0,228,'2016-01-12 20:46:22'),('APA91bHP7dOVmZT4jMEZe0_wcz7aRzEe2oyGqP_T7ENmKg6eikJ4vQ_Sszx0FcEnQUmRy6tXGOLneAYKztG8JG4wL7qthpRmN2iEtJRzNbmopZpLqc7DobZWMbAE6KTvV8A7hawqWj8O',0,229,'2016-01-14 13:59:36'),('APA91bEYkfhLddRfFb0hV1NPF9a75YOnErVcQsIIZtInI1MY6C8Ru-75-tfWHZPL42NJKCm64AE_Pfs0aEVkCcupYE6gDiISuWrNX8r8Aw56fg03dHZn2IiqB2DaBPrOWb5_e1ST_A10',0,230,'2016-01-14 15:49:55'),('APA91bHbF_dpo6eiQ4gdNyTLirOrTP5SKc787hbhSTvPyQnxayUAmAzUPhzzQ6IPldUUg-kgVpBNe7S2Oj864MgShIIegcUjFBsq1BEjoEglwAlT2NsyteKcN-sCTguoj-AbzZUg9Urq',0,231,'2016-01-15 10:46:08'),('APA91bHNwYea5UZiaYTJQsH53bZP037tXrgccL9IivCOtO4osa47ZuwLPrRlxeF82jSt25tiAsJSRpOuRFZB0W1YGttfJNo_u_W_T3XJzbqAyyBmelH-xwad6Jh16oY-6OmSq-eDlLxl',0,232,'2016-01-21 21:10:20'),('APA91bG6SwU--z1HEpIyrF-7BsRegytO8d6p1Vei0yrNZ03EsEcHGyJILM6pyhscyzoAhPI85ERfQyRpUM96mCXliSjlhZwS0UpYIrYInY-F_pKjhTZQ5XOlQ2cT8cIdtiwURZs9YC-1',0,233,'2016-08-08 17:01:38'),('APA91bFYsm1rFJPkzPeG7H8sogjkDqpJYXfAmjqTio3oI9VofFvJl-mR-_vZUezPUaLgUQ4yMJyZ-rZD4w9KlSi678gDvycoQH263p6hnvCtDiciG_4g1wyiLWGda7hCs_P4JyQxWTJ0',0,234,'2016-10-03 09:49:16'),('APA91bFHHfXHgebvVP8aV2GYPjihBDndSpRgMmDM-uYG2H5lXhPR70J2FOMszoJ2TCCd-EM2KESZYDUWQ-oeLUo7mP8zwbKN4KxKfUx1Titfl5y4vTECV1EUzEDj4hG-ssB4LzjxuIqa',0,235,'2016-04-07 16:02:04'),('APA91bGi-kaIazdUx39fT_Zi5kcd81o7q1qoDRxrRDY5nPWz2ZkcOrrl5Azx6_PYUIC3YE9JQWNwAoKGUpVRFyXWwpwjwJstiaLsd3lqXzdLKl0PkTYCRQPt2ULZWwEix62jnRzRLVdJ',0,236,'2016-01-16 11:16:39'),('APA91bFGwk0VHhHLMucN5xmmJ3qerssnRqv4iW_wpBDDeYME6-3v5owr3osE1wVXx0RNxDTaSVen7il6bjOkrjVK99UIibDexQrxc6RfZXTPbtksPgYOyhLvbIMBtl-DMlOiW9wGKRMa',0,237,'2016-04-28 23:10:11'),('APA91bH0uSXzpBYygzzRYNitrx5QC7Fl8f1y9ve3WWTi-vHc80HkAj8EA7GhWeWLthwrx1gTMNNaNa_1w3RdzetzqLDPx09AQARIsgeTAhrgQ9NbpMXwnAGbzU4VHIGSrqvBm2NLQZiO',0,238,'2016-10-03 17:27:39'),('APA91bGhxg7eUgOM91JBHfSf60RNCwQC5POUb1kOytgaREsbN9TLYMJjsI3Aw2xCE5JOc_9e5zYr1qiSUqgPvUZBUkkLy-8Lx0znhYYFMT5FOITD6_9Uszrrvhp_lqCKh8W2rKagyh5c',0,239,'2016-01-16 18:18:52'),('APA91bGcdMKzyrdbDZDUJ8_RL_ttmW9YEVOceNvdrBOMTnn_mFaTbsI5GmUnv-Is5V_EXK6KmRD3E5_4zac_5WQksqNr2JRwWbhsXhg86B-seWCa9JyjteA-5bnv87XkubJtwNAtdC4m',0,240,'2016-02-02 20:21:36'),('APA91bFG8yVxB9-aGAjwYaCW-VzxlU14qBd1734QOA_-vqLJSLTN4zbI6WCTD38Iy4LmdXuBXW4riDHvl9XeeFodsS0azf3oBatJCbQEE6zRdDccDZYg_u6qEmUOWyEX7ZeZb2uEzvTa',0,241,'2016-01-18 17:39:44'),('APA91bEP93HizN7nrCgCMCBzBvZqtE_FLtjPELYeQVCG-ZhmbdD0lb9hWDAqZcy7qLy16SNaOMTfXZV5t8ezYMR6QoH6QRMJE4M77XMz7wsi_89g2flix-kAYJJynwRdUpGxLeG7P5ID',0,242,'2016-01-18 17:01:57'),('APA91bEf37Mx-vl308UezdEA-JLN90gj6z-M1lbSwAjMUqTCLA0ahY-QHUgVyDEuP2OHbA-KGXn1Ll_dK6A_R1Er9_BTQeeyeCqCAOanMaAiFhGn1Rs_1TwHBqgDpPokCq6n11dCcA_v',0,243,'2016-06-16 22:26:47'),('APA91bG3YSmOTi6VtU_IC1wsXpSQrZdHwG6z6hAEhtBiEUwBA3etmuT4_VKbmXWoUqqEnxFOWWxs4mdM_qRpzqI4uIgT-5KM2Ir8sMuw32SUZJnNnkL22xE-9fTnS4b0WLnD3-w2vUTO',0,244,'2016-01-19 19:33:44'),('APA91bFcyTfpEP_aTFRtEBS13V-dmi58UdU1wIBVvIti0oG1stYyzCXORAcHhSFUU_cuW9e6Q8Ybq4LbH1iyHR1zypRvJUAXDn4VgM60xk7MObj-mlLjYgOet5HBVjCl8PqqFAdxZbtG',0,245,'2016-06-25 21:22:23'),('APA91bHzkq18bBP8_T9g7JsH9tUpbSjehld8wc9Cuto-bKrVAFYtxklO68xgYTZ2hx7tifyYFY7R1BirzpgJlKCHmaPTV99K5Fx2k-Ua7Rkq4OKdf0Whc551vZYtWgGkHnSqMz6dZtMw',0,246,'2016-09-23 18:52:07'),('APA91bE1gimKJQvUcvla0cABt89NmebSfdkch_K2RwbZcEzLvYpaK9HSzKEK3U1Nttx9htkWKCy8ZMNfgaOtIUJSH5hi-5kpO9ciD1xxKYEwOgaaNjSPegYAyp4jZeaahFwCNsQgRQaj',0,247,'2016-01-19 07:16:13'),('APA91bFJ39PBYriBLygibuBdqxN-007gLdEP2gurdvfAUYwdd1vlhUOS_6ThftqTgIFxxZQMJaXWhqWXP8UDyADKEjYWzpy_7MchcVE3YfRtUkPKpK1GrRPt4OJd-K3YmR7OjCE0t114',0,248,'2016-01-19 09:59:02'),('APA91bGoHqJmPxNKADYvgPSwIDIgk39Skb2DcXrHKXTDq_060-qxIuquokwo_KAvuIrrsMpUc3ZA7JkkcNJN-E4Q6nve0p6Xsi3vYO_DWpp6Ye9NJY_0IJ3PYd1QW22XSeO-B5ER-Ixv',0,249,'2016-01-19 15:47:14'),('APA91bEDe2x3oj9pRthHS_JBfJJuIngjHdEBwjgdW7OGUY6n7MYVT-A80pr4odgsGuIbUx9qE3Sw5kkEGpl_fJhgtN2zVXGk_cQjZlMKWmHChfmHyIR3t3MpdoafxF5bURZmYDBIn1aP',0,250,'2016-01-20 11:59:44'),('APA91bGooSgt1p8Ii7jmBYVeJGV7sfqsZdfGrmas64ZeRSUKP1pKs-cdnJg65PapiR2C4WaTmXq9UBtJvQ0g4TjFUmCIGJAtXPDhz_J3LQMmffRK_jGuD6TfNZ5tptren3Kde58hhG2b',0,251,'2016-02-02 15:27:38'),('APA91bFphj7b7ZiRxL5NgMkD5EIQVUN8wpJ567T3qgDsYcp23bvywG9niQho8AQLe-G9HRjGL-VpNkIiLUTOqyuyroEPKsZUq-cwChRcNjbodxM_MGzc-q2icbckC06AJBeA9VM6JUoI',0,252,'2016-01-21 11:07:40'),('APA91bEZ1lPkz3zHrdeBMO7z9JnrrxIPQoC4mzmUC3j6JcAMLoZG0_RcqYD8BOzYXT7y1z0xUKwD_ii4PY6Not74nTeRZ3VENiC9m_-ktJMibbx2DtWHmxdfPMaDyoGH35IhFN4pZr-n',0,253,'2016-01-27 08:59:09'),('APA91bGH0c-fmZqsSkt7ULcFPNzj68zSBo-Sdo2ezXhhTXQ8jDO34pLwDyiXHumrDgWb0lYLPqWSTYEe7Xrap4M5KMHGs4cFaMI3JDEOK9zSMNJjr52kWpg64envHFXTOmkzotZFT2vP',0,254,'2016-02-08 10:18:18'),('APA91bED-VdhrcDcCJ040uKUAXUGN24Aq0VV6IIkorq1pXi800Go4UaZRLC0afTfDhuQel8HKjhBDOK0EgfCI1JGvaTmGWJnwe4IY5t1fe6PXDuH-INpLBIJ8k2O_NWR_2qrtUcdUvAe',0,255,'2016-04-09 18:43:46'),('APA91bGdF0AnJ_siH7dFxeYsWH7pDSE14d3BujXh9ffB0XdOnyZ87TRW2dED4kHuvNF4jm0Ka7wI_mRTPNkRlnjE7c02pCYeFZLWISfzunnrnhhhGKULt3gzMC5YzT7mMdb2ruvgJbL2',0,256,'2016-01-25 09:22:41'),('APA91bFtNBNL0NbRw8nsAfm2VUFofDSduoPWU_UMeW9hP7vH5fISRRro6tbPESH6lLPDog_y4kOTeT71KRwlyUaZW8fMRLcGkyFKTvl_Xjosvt8BS9lrDAI7V4_xSXsNLbZVJi2nqUap',0,257,'2016-01-25 15:37:03'),('APA91bFlRWbuXhX2fJX-ekDtNU4F4UZiUgnUXbOuPgPYATls0SL7gkENC0X8JIgBS6kV1ct1jCDm2RczjILSkK1UMAeeF3tBbjuKKFqPWizdMHh0-AJp04oMGAspa-p6Yc2vv83xdeg_',0,258,'2016-02-10 12:54:00'),('APA91bHtXrKBB8VfnEjb1QifKbbQHcYl810obkS5Qp7bH7YSZV_c2TBS4kUlUoQ-LuCSYXYf_9xWqqWbekNydNUYGHsDdmSZ1N8I2uvIrNUU77DWNb5-25aSSbrRdRDqHetvHUjL-b36',0,259,'2016-01-26 23:22:46'),('APA91bEJY9U6aKzjioW4XOv_-lGlSP4s7CoRJMtDfm32lFFICwZ2vyC-g9Dcfj6sh6yVSL3n-3cEXAPTw3avoKYT3dx1PV4EwoXfoeMqmtanwz4Ug77O9UcPIvgSx9R_MY12e8ZhEyby',0,260,'2016-01-26 17:01:56'),('APA91bHyXHiNMuhpAeyx7fqxd5NP2BegtnplC8GSE32xkS1Y9sXun_y8dCs85Nj6nRml1FEp8-bRdQKLNTx21WD26RJJPJw7cnvENm_81aAyB7x9DVg_w0aKUhL60Susd1MvAKpCBLBU',0,261,'2016-01-27 08:56:37'),('APA91bGE9oQn8HZPwPgpyQcpBjUf2MbaBFMY0_r1ibihTvPa41lTHOxB9xf1KUUUPrFYlh_0fH6plcEXE7RmTEp0bTKnwrM1nXgbY329uEnuxVPKyIZ6mWqJM1WWhDEB6DH6KyQtaRZ9',0,262,'2016-01-27 09:27:37'),('APA91bEEAe11cEGc0e6iRSgUbtn99wGrLPC8EXjeuEM6DAoKoh6QI9NS2Gsv2ZbcCGr6p9U7sJjRLjrwxWenmgPtHJIEjVuvEu6ythjbqWvzRcb34TIFD_pf3kdq5nC1N4XnZMhjjOmu',0,263,'2016-05-18 14:28:58'),('APA91bEcoS6GJbMxE0FBmulL2kujPBLpfO370zmFA4pZwwlhO4bzZsyeF3IcA6oD6cJpfOPYEx_dF4SmGjBNyQrGHBK2hV2jkTQBpy_MyiS9aMBrj89pZMaaSlX-DsnJw9KB7QTYjU-N',0,264,'2016-01-27 12:53:44'),('APA91bHIHadCJFaVn0dTX3mpVRfYYIa-GGJaQvsrpAvZEAnFW-d6pisEr0O5NtMEhekHLcSR0yW1GqSjGqn7Y52YCtPVHrQAwrIB5mgh3WcV_cQwUZhXICKHmMpwO-aAkLs6ozLZOEkI',0,264,'2016-01-28 12:19:27'),('APA91bGN5ww57-LJR0zacdV2MYW2ADC7n19djLswmKjMW4bVgAwZTuy1YJBonOuVLNnV0LGWnFO0RNDeAhd_ZeoJbMUbcO_EvImvZSJGK0d1fdVc3dGEQYfXhexUkn7lzRSt5PP7J4ay',0,265,'2016-05-22 13:23:13'),('APA91bEIxLT7__H_HP-GZzWcV-BX5jBGFIcyT-DiqRK8E6a6a9zI2Rl0T1wO9bjeY__usdHPjrqb6viOt-g9HvBpZdXkkjlQqhq6OvF6jEDb_VeySk2cHujULYCk9N_ncekJlsnynSms',0,266,'2016-01-28 12:23:08'),('APA91bG4mVt9rrHkCTDOEpZ1vrLY65BCuNpEjVGEHdtGaJIvp7WwkqUQieN02wIXSyPFYouOO-KS0abjtrs5b0P0c2SfWVcjUXQmeuvGM4IbtIlr7qNlZTNa_FHpj6u-nBUx6Mtsj2Wz',0,104,'2016-01-29 09:55:47'),('APA91bE9N-CkgY4kvZAN3l7HQhuDf5j9nnm3QEqlWgmTksYs0S4JCB5YpU5Wnk4Lx1PorieXTIFb9X3QfHxV_ecVVVYpRufqpgAmxVaTVUFQgyoyGZbjwvqLXwmd4eez0taQBjIpsqVK',0,260,'2016-01-28 18:06:42'),('APA91bH-6yhJ4cygB-RF35vI3q8J5LuuEWB6bqwvn6p_bw4TpRVUkCiIy5BoSpy6Vv3fpgSpLO8444OAGzvXdtUUVD6gwxn6gtzPhm7h3mxzBcnfVT9n8dM8IE3oDMXTzva1cebigLAD',0,91,'2016-01-28 21:46:42'),('APA91bFZbqmTUkfj1CVoiw4TP2Y5DgxBmarfooQOTNwNyBk-PO5dv0fPyvwUxYezRELyS4Idu0s1ktj54LJSz7aDeoV9hbfWTnISMEfU4IFuAm-0SWge9tYm5xxkBxX0sm40BJiCAM08',0,91,'2016-01-29 11:02:00'),('APA91bFSzRjrl4vPDh3FDwFEum7CyOA5QkfFhflAmB2311ARo-SU4Kk7rplXx7bXxB5P1cQ2bF0nj88IouWXTvZnj1_kwHYikXGIh8ZiMf7kGLU-XCtMOa5lWyX2Kw3Ps_JdLZsk2VmH',0,267,'2016-01-29 19:56:23'),('APA91bEZ25L6zPQVrWrxfmqGyEuPGk3eA87FCGZ_yzY9gkwCIZGPLeD7bJtCJrcXwApwUEj1YtGuTjV5MvN5NG1V35vMyEDQKSuyr1KqiXHLbHO9CxdKpXedzstFGYbYd43PmT3w3Byb',0,268,'2016-01-29 22:40:11'),('APA91bHdXEg572zLZ6KcLhJ4WnfyiWdP1N2wgleuYmnTiv-JMwp8x85KueT4kNwn7qRztVP4wkD-tRzwxl5GfWBb_cof7GrfVWCKtvzIs6L6PipIolWkPJB4n0iZkX-R3SD0R6I8kYqT',0,269,'2016-02-01 21:15:10'),('APA91bEUC4UsBU7lwA6G_ArHUVDqvjAoEJuJAhFSjz0nqubauPLKz001QPQL52-vRlxMjXLo8mxZBSMIMQhxCxoQnTfOQ6OTkwV36xnNn1CMvbRqOhIl_eoDFpxsO6KUaZr657ZSoJVO',0,260,'2016-01-31 22:30:53'),('APA91bHSBcm-48ta8querGnWjA71tU05MvD7QoO2oWv8-ngys_pWF0AnVHiSjNAYEM2OOhFoGG1yJgw4_380UoPdEb0rR-AKny3VBw4Ri3ENmvT8Y47NNpc4ufuJKhSwfmHNZWLuH3Uk',0,270,'2016-09-17 17:12:58'),('APA91bES5PUCdPWijM7iPh46xzS5ykHVe8yIHWCbwPoqUJumYabVFxTmQx9BG6bz06lf42CBVa0cMbmFydnmOrRCZLTNSZfD8OHCcEePUj1npDNAlIRZ2xi4LIXKQ6Lwwq4QaqjrKw2r',0,104,'2016-02-04 07:37:22'),('APA91bHZCPiacVcqIEi2PQXxeq_1b9HHZyHKLSbHUAIjcxXvf7CQl8RAOv2cEwux1tB-mZr9hc0vQLlrRxaxDN3ul6Fl9jK7SwLZg90KLoKKqmZLoOswXWveL7MxGF-6NCeIaqYKogZM',0,271,'2016-02-29 09:29:54'),('APA91bEMstfNe7JKEnltzn7BunYf6st-995oonY1ZT4T-Um0cmJPP66kONIZqCubx-oVMXxjorhAHFAEHev74cSzvTQk6s0GBGevkDBaIrVNkWXsffdekDy9RYY8Kio8Evb4LYH_tYHr',0,272,'2016-02-29 17:15:14'),('APA91bGwt7XOQ5QD-I0wCKAqaWtAlaSFGbC7k6VYQ_3jLf2hgsAnd2xQS61yejkv2pLOSJyoIECcZkiRZ-2CaF5ofJy0Y1ucTyMgEa0WV_xPl-kSiYo7eZzgiA86kPNGkippgvKoaHgR',0,273,'2016-02-13 11:15:47'),('APA91bFsn74zI-V4mys0vP9x0qYF1sDbyZ9aB0qbDo63lK4eOQ7UpVGv_4QBfG9nl6t91oky4DHepwt7rFP2kLXufrRmnilobPYcC8fBzMQKk5KL3qMgmTyuG22_yOGqCq5aKI1vSeg0',0,274,'2016-02-19 18:44:40'),('APA91bHMzqAh32XuVDDwLoPJceE6VLIQzkphOZC_AK2_Mx5Jp24y5e5eXxa08A0VHqIuDi7lDtlr5ionwPyC_TVe7C3wC0bmOMiHHWgWgxMx1oKLpC0ppQyvMhMYR3s_T2cr1cIKwGrq',0,275,'2016-02-07 10:52:25'),('APA91bG2k_w583lImcDpxmtDm-hTuFy1ISl8E8y7kdqBzjNKNXLTQPxeYAoKvwyOpPISQkAv-BIfylc1vwJCbHi03ZYZ0Q644V-bVqqSXwYYWDRzINhfXPyN0AEjaqddRrzZhV-zp80B',0,276,'2016-08-21 15:48:16'),('APA91bFpU1tgKOi1xTFYdBBG2DJQ-ERnO4MjDwFr86KeN4jr5r7oBNqRq2-WO-VG_jx7nM2NhQcgmBcLVlZEcxY6uOLKw0JpDl1H-3bbJ4tjLq-hbdgZsrIjBB-7-ikdFxs8v83bq4V6',0,260,'2016-02-09 18:02:43'),('APA91bGCK3KhJErzvJ3_POd4qsJHbQOqW000MX33_XNrIx5b1ctdtkfDoGw9INcKnVuAa5ht1YmFowB9NGDmWGM0eEBgflnMlbcyXY4HEcr09n3BEzy0J_pR627vQ83ISKHpIgZKWGIW',0,104,'2016-02-10 11:25:09'),('APA91bHELwk8J5qDU7eP7L7OB53C84g1U_lvhzmoMIk913xDiDcPNcCRtLFi0eBmCDyWoKt-0vHR3RrQZN8c5eQhAuGVmptSf7slKUVVDJ4P6C83T2znHot1FHX8pOJ06jzsrMlfXbGW',0,277,'2016-11-13 10:45:24'),('APA91bFoMLpeO5lxPq7n-snWKSKYuy8L-hfX5PIRvHsicHpPfop0A6X8fH0bW2uoi4Vo4jT_sgS5_8zE-FDxeXAuu1XUpfL9lpSHtM_xa25S2_McUsdqOmvdDvBhRip-LceFEz53S19r',0,278,'2016-03-13 09:34:54'),('APA91bHsctWuAR87lRA5V22nwPWZkGHDDwkl3S9jlewQmf2G_PqdFFThgxibfn1Tw3FC0azkEWN5RAl8ByvnOuvlxzqKxs69HWUNifDuEVHpBiYKewKnZ4wckNP8nTJPA8dqmo3JDD8u',0,279,'2016-03-03 22:09:33'),('APA91bE7yZhh9TD9qTBF7e2kQ2BiPJ35gD36BURKWT_v1lpTVU14m5PGvgndHYprBQLLNVBcwpxH4tGneMnHK9RJaPyqxeIa2CL2ODwx9c6uFznI2kT0pPbCgCdO9N9UNcCuedojRMjc',0,280,'2016-07-06 09:26:58'),('APA91bG-lQgUrTIKB6yYhG7FiXGGDv2PmfnPuRmUHrRtTtYGS1tdg3uoda_tbea9ArsmYLGUHAcwp8hFrmKFW2nRXY2s5W0OaaWQ0Nw4WMDxz0oUd-S7cJP2gtJ6TMqXoECIED81UT16',0,281,'2016-02-10 19:50:45'),('APA91bGEeG3DP3O8Nd3gnT0t0UZ7nuY0X65d8GWSQp0ystVDIXa2VG3w2vuPpNQmtISQ7Q87ejVDtA47rPOSG8Ew2FS2253Na1u9gY09eHPkP3ps3LznEM-XL2u5jTkMtdlkDRX7-Krq',0,282,'2016-02-12 20:13:09'),('APA91bH1dNBxUbOcIQmhlQ6uIFZz6pSDfvLld1mwn4Kcz-gW9sGLIfxXBqYaH97ukrJR2v_tFViGfy0GU4iYZ_Nv0mRWBxaAI8UFFxlkxe5VxmJFvydi4CsbisFR05k9GnCou8_DzneV',0,283,'2016-09-18 18:52:48'),('APA91bEB1LosukQ8qOt6jgmx-mZdnW9qkp1iBJ3FsEyV4puiWIhPkoGtsFP-qF6ssG2umjfltMREwKOXMuzMgLqy_Gmo9Yo7bdokslMLniHc3r15b6IBcNBw2AXNLMWK09TKmk5uxUyZ',0,284,'2016-03-29 17:35:29'),('APA91bGHLfVFqDMUp3Y00RAzGpVvXJCgKp0pK21H1_pwxscD0kN5uiW5COGSufvsTOSvG6UB-Sk6bdyYDcGIpc-PbDlmwpxpDjjErUCrnoJ9PuwZO5E0qEXMLxnNE5wnfd9DdXzE6aCM',0,285,'2016-02-13 10:16:54'),('APA91bGG3rmSs9ZlGPrDPqIctnoSuY6Br25Ua8W68WBpQb14lKF_qSfSCkLiFPaudUhmsiAqqoJe0MTHvA9eWanS52uPQjC8lgJ4dZ81cb3KWgS2MCcpCBhWImTmdADZJp2Jr9Mq7Zoe',0,121,'2016-09-06 22:02:19'),('APA91bHlyncpQH42tSqxxMQLAW2UCQWdSNgZoAGA5IDs6xPWEi7p0qKViwbaIRHarta0f2Un0q32j2O_aNjbSXR-2g6j4DZkAa4ZCeMGWWWAel3Hv-7NtnAHIAehfvMYocBHTY_Hv2Qn',0,286,'2016-02-14 18:22:49'),('APA91bFLQ0st7hycRDMJlw8UOUQPvFCR6_ZMvfJF752SkFC05WBoEoxEiZXharuucWKyRhgIbuIlQpS4WBDfK3B7cX7cmpIlLWULMASMsnr9BsL7m9LvU9Mq8TfPRJdYnh_-q4rlj1TV',0,287,'2016-02-15 09:54:37'),('APA91bHNEbuohgNnwSIirc1ZerI-wrq6C9_Cl7olpFhONOTED22QJD3Rz2PErZuAklaA_D_N-MHH2hmx5CdIPWeqpVNJz506Vbt36blu5yhafbjDKJmO61krbwliv7O5BmU6uH3ZTM89',0,288,'2016-02-15 13:50:16'),('APA91bG6R4Y6gY7zxdMn-C-QTHu-p4PRz7RM5ipfYT4O0R39xDbYjWrlRLzTV4EptTMxuwC6tB0NWxCfhjpiKhCN-hJx11jWThGJxTniDS1Qwsu3jZ9M4u9c_BsGaJJuv3ocS8J3XwLC',0,289,'2016-02-15 15:07:01'),('APA91bGCMEuURqHAZncyKmvri0QsDs7Niz-v9ookQqszIYMAnkh59x4QctENWSzd2zjH570PUCyJH-1HY68xaAtUZVPKmCKfq-SkmAeQbje_0pwuFjHTUzf60gSysfvvuYBUtz-f1mQc',0,104,'2016-02-15 19:46:26'),('APA91bHxy2f_x9T2gLzy6cnT1MFSQFHPgsDLtPYHGqvpSw4uAIsZELkyOu948bNNv1Zklig7NMB6cb7nRAOlOXWHkq5P3m8Lvo2oAghjI670yGao3wrxwBhEriRXTs94dk_8agEA-72L',0,290,'2016-03-16 14:00:34'),('APA91bGiRBazeXmqzkqCw2lL3jQotq6HyGGa8n4XAGRqFw2au6RqkSvpUdM0Gu81VqZiVJU5CuGbMe9TmR2JEm-LkKNolzogGWcMeeRj0qSdge4GT65luR7QQ-fXeSfvXLNa_oqAFvqA',0,291,'2016-05-14 09:49:10'),('APA91bGOp2sdjNzuG5NHQAyiartFV3q2mEDp4_ME3YpyUPZNpAlNNB10NrFTnonxNlHGt7L7D6CLPwC4y_6kNxGgRz9FmxVOtsvaLvRFxrJcdbFpZdIlZb3tw01TaN8dDW7TBpAxNc5a',0,292,'2016-02-17 16:50:39'),('APA91bHtE_lJwFQnR6Btkt2lpWp-Nd5gMcCSgLjiovC0_eFDHjVv2FD6nr96FAGe_MVpw1UWZIZTaE0Kks9RaX2uJO0lXe1klfxF8VZLpsUWC7w9iFfHi9nFwn5TRO1Lq3fNPdHOkYil',0,293,'2016-05-01 18:52:09'),('APA91bHatNdaSUgXibr8ybLn4m3pOnkqleh1Gi7CBLFlvaTfe8vEcshwENcBWT2j1pL-GrGgsUdAdFeZOhmuQrmE8WSIoTruh4WT33Olhm3AvgeMDhc4hMD-GL6AJ9NaOT1sd7-QuMJ1',0,294,'2016-02-19 12:12:13'),('APA91bF4atlcnO3JHA6-ON3M4vaY9mzoirkxm0mwaCh3YGLMx9DB9Z8qxG2oXlLlM-VFH8PRSUIjn7-bwTrkzsOmMTK2qIi9OJ2cZDDjBsp57aFMFSPDSP31-vqo9wbsnOeLwzC3BJ79',0,295,'2016-06-09 16:22:54'),('APA91bGKUPxk37B95y479sKPbM8TtnTxJuKkqX4CQy67KcPt3OQ0c36Yqry0h9Ts85CPGC1gU2-0vD0RjT0yMxrURApe9MJAigPGTEMpzT94i6WLNlaj9SDnJCIkNZDT1OG6tMP_AYis',0,296,'2016-06-18 20:05:56'),('APA91bFSJcdt9IMr5f5iYhpXmmfVszMpQWEXK2JEU7zsotSJZpodGCtu5_B84W4NNaEwupbGg_GaL24D0I4C4FDmu6o-iFoBuUeAUyiN8Zvmr35XuHCvTdClVLPhREJYEsH3LhZnuLMQ',0,297,'2016-02-19 00:26:49'),('APA91bH9x5e-JjeZJ11Z3IULL8Lev0Dxw5eaFVGHFWfznoa1CWqmF3TgZuGPmPbziOitxl9QI-8AlXf2l_Xa9FL_x2N2eOQOTedKV_aVYnEEhyjoWzghtBsqbRQDXmuJjpdSQpiSjJSu',0,298,'2016-05-10 20:12:30'),('APA91bHiCJZsN897BTujtf7d0Y3bAprzHvju-x7vdv-J32OWdx8qTMDVRnPrEIZiYUtlVUEG0v7nDioH1vgymqg8GUCjsqjnGkEyNF7hZoq_pSL6P-53LjMZf0SgfQ0qbKVEBAtRxesD',0,299,'2016-02-19 16:50:56'),('APA91bFxmUAoi8Ryx3SkUnwxt2xw9VYt_gn1Fu-eCsFNUhWZKDe4H_SJqJx6A4P6yotcOaobhIWF8mzALdPYHF7GhdMb-7Z7Fs4jEX9A2zOd2PiJjpIGfwdvUVo1P1VO0KKPAY8A6Yw8',0,104,'2016-02-20 17:51:10'),('APA91bFKHkqqXdCetMU2ngsLgHO5_SG7FLjiOFjeuk9iMtOsshXbs8K1yQ77YOzmrRQ2RvG4tgCqcnYUBMuL6aEK2ipnHD4s1mtE04ntwojQpCg_uDkxsCjRSyOSk07YHgWOLZXKdVps',0,300,'2016-02-20 18:13:00'),('APA91bEsEIz0scu4pP-j-eki2knvQcTmM_yInSgfBtiZBcXJSqT6QVHSvHxZZRQ7hUFyU4el0UFncnx3OT1y65XZhuzj6VUoz9HVIPUDvDxLxkiTW-MLBA_iDaCGmXmkfEoJsxNylpFQ',0,301,'2016-02-21 17:56:29'),('APA91bHJTPQrP9RMAWpxAj6X1gAEaIycweq7CzhbSYR-cguBBOtTptGTzxLC8fJLUBXY9rIOmdjrnA3LJqlogLHuD5v68QZRkkAIsh67-pBVw5OE2x0-VFvtizHA0QKjZP2pOS4GyU4-',0,302,'2016-02-21 17:07:02'),('APA91bFa1q8mcCVy-IDf5HRv3PmKXnRDjqUzYoKVWcM_nr56egAuObJJgHYvluIv_-RVP4CF6X3T5MNjHHYtb4fluTRsiFJPj20cayzo3rDcGvI2Jb2kwJGVov9e-P4VM0ZdkuWoo7Ro',0,303,'2016-02-26 09:07:51'),('APA91bEXMCz3aUPRSLhDQiwZYA5kqWOfOnXo50tovRuoUaWyMvfx2sZ-Ar14bYH7KY8TI71cbnQHMvRoNVNS3b1DIjDDOhLI2nUUYqQxY6da0BGp8hMJ5bXPXJ8zONqVgTHnHuuL0ZoA',0,104,'2016-02-23 08:18:11'),('APA91bGIJMfRkivsuJihOaeMofjpPN5EYyAIKoj2QHeroOTjK-6zUYTlth16qTWhkpSSVk0h-Q8suW7j1RFzDK7P1pfhXiv77_es_mUJ4_iQHj2jdh_HhIAfeP_YZ8SQC02fQ6H5FiPj',0,91,'2016-02-23 15:43:32'),('APA91bGqfR7eqq0aiyWVrqlnmh3Xd3Bc3JI_czV32fdXCT_IiZoXz24HCdOzC3SH7ZFy-ZFOTnSmuOIICD_z3SXsTF27ajccJTBAbvQa2-tc7ruWajey9ckrbNi0SqbozvcSAjTFvO7R',0,91,'2016-02-23 16:52:30'),('APA91bGRcr3-M71_rDwqIyg2KgJPJRHxG8kfSvDwAMvxD5uOu3shhEpaz6lz9NlLRbtJZBx1VwvuTr92MjOooZmRdLHCDo8i1NG3LgMaqE7PPMpo6QUdtFX5A5ns74__5BQ186Dk9KNb',0,304,'2016-07-10 11:12:31'),('APA91bESgtU-o1shwSgD7CNYte-k1cF224vETBPk_akmIaNEsy5a3dD6nuToqx_SQmCT-KkuO1DF4cGMbexEu2d2HB-TV6AVx9ieG5kLK3GFP_pgIJmP7Dq-Ea5hIlLZ_5II91KnNPsX',0,305,'2016-02-26 21:21:42'),('APA91bFdqXpGAFfRcm3rwvWlncJg57a3M9rfondiel5gmJXERmJCLhuArVX8jgLM55q_TpaOkj9OsFDdpD1fDmVi9aGnAF_0DeIpB28HVICAoDlk1NQYwzENC4N3ii32RrArmGz8Pt1s',0,306,'2016-02-25 05:34:22'),('APA91bF1BtW8uAFlUMYHjw9eyWFgUwuU4fkB-b9_UK8YfPzXb01x9fz22eZWNSrTr_tV7WPpCQ0TKYw4W0qPk-Mim1uxlnymv4RKMIwUHPkCF-AEIk_Q7KQL30mhb7NiSzC_bT_fUg7n',0,307,'2016-02-25 14:26:40'),('APA91bEXunLj_d19Frt13y4YoJ-_IF1AzxhX1SO_2lapFPr6Lo0fP1qz5FDY4nMVlmIggQmA52Tp-mjy3yuYNa2f-D7mCrHtyxS1yL9S4qDLU0ftF_uT1XWTbgocBDS9mqhSDIZsRiAB',0,104,'2016-02-25 18:17:00'),('APA91bGHREHyB592J9-DVzyhOHtJpgKgkKRg8ebBazNO7iJ6Q09-W5XUeMDzKs9d2S32rf_UI-hCMYuAIZtlEWv_ywX_IcGyZUYfbZ60TWJ6y34p0vjd70Hs1-4OM-5P2JkXxHGebqk1',0,308,'2016-03-13 21:16:38'),('APA91bEFG2SCzSx5MAu8waul2JqTgGkhT918NBeUpZrVZFUsm6NXBZ5FSTRkbXmC5D-bPNNkZamHFjxT_3vK7UH0PUoMlGlSNxSJVK7hqncC7bdCQjd2E-ib-kih_tRmb8yB9C7D0LJi',0,121,'2016-08-19 13:47:37'),('APA91bFQ6FlmTx676UbQPwZBjNcZMRAW13GXQdJiZkWofVZj3YmrAKTEuHeg0Eax4OnHqs9ia63J-vUo6h0yiVqVIPN5fnciNO6OLzAnIf5yrv5u1gpdHmFt9JpgKHOo24icRrNufkIU',0,309,'2016-03-19 17:07:47'),('APA91bF-7z_rxU3LdeDr_5_xc3zQwa8x-sZwyW2J4ck-rIogDnWRRZMAkQuBTRbyK0C9BqtwnCvwE5zewxcwyCNzF7z-NhB2gPjR29JbQN39lBKo3QJJUN0249y-WP2br4OIQnLYEAQ2',0,310,'2016-08-15 18:15:30'),('APA91bGSj0HRPZpO-Adr9I0c2-Lqc4hrAvj2plTIC79MjvssVNXTGZFIuX6gs94AbatrIDaSqb16qhUh8uznW86sAUkU_BiI5Ua7tqf44aMHpOxTQR10slupOMFZKjDk3XIOu8vfOou7',0,311,'2016-02-27 14:40:58'),('APA91bGhvCszcgVSNsER01WADpxEHMwp-198T8WUzJp63ucTcemXzz53NvoMdd0E3T4pfQy2K4pRvtlyeaYVVnqbKyQLc2Z2J2TO9B1p8JiWIHttM03ehKTMGcHmZNcW9_-dK8piD0ZH',0,312,'2016-02-28 02:06:14'),('APA91bEkAKckXEn4VT1zdYNVgHkQnvsU6G-SbLJruZVpampzW1jHWpgfAEyV_lxoRc2QbBnryuYOQRzDsX3MiEEbR0ds7suziOFZZALp0nQAR8O5z5JPJOF98jUtV8J5unve544uY0Le',0,104,'2016-02-28 14:13:09'),('APA91bGzXyrlC4XWr9W_Jh5CJMnvg6lBsIrDStesqULFw-COvQ4Hf9R5c6WqJ2MeHfbE3hVON3mwEgRTKOve_fEuGjF9MsijtIBB_7vlfDA5ywhaTv7eT_u85_r6-ImHGI7ucnjgQv2e',0,313,'2016-02-28 14:38:04'),('APA91bGjK662h9OZOS5UYYAqliZSf2wLkn9cPDEGWvye3gHZ-nBdhGfTtF-7_pkla_LaZHE1zZuTYQKl19B_mLrI5s6pVO2Wf9IF057B_QkPXb6gNdF7S9WUj4mDtBy3Z5-yRSvFMsjQ',0,314,'2016-03-01 11:33:41'),('APA91bEhFtiw_JYgfZZCuMFK4tuaftUJe5m76sDMBXfbZp2LSCvo2Bal0TvQXSR_4ppf_u3ZkQKJ5BB_dIlOWcTEjlYwE6HuOdcTHlDhu3XKHB1m9dE6praqmjmnDlhGJ7YYgfSsUmWX',0,315,'2016-03-06 09:31:49'),('APA91bHuOFOpaewdRYyzRYnl3r17azhhA8D5ofMx5qXqTJ5Kp8bQxOMtUpa9lQdN_ZHiaOvdg-iHyb-klDOJRxgP0lAApKxzW4ZB3dTOn_TJuEVgJhhNzWmeIiAn1TANlcsB23ymHF11',0,316,'2016-03-06 12:49:22'),('APA91bExfQysLbcc-6iTzJ165uWKxWYN9Exdn1d_mpUTCGIx8qTPZF6zAE8u5tXRSCDF01lzTtFPJGPegWU2OEO0j4INkCf4Nv3JsTl_V2vryA2PtROzKBDUDiRYAdNahof209yYlxOg',0,317,'2016-03-03 11:28:03'),('APA91bFdySWao4MKbnAhPsPWAqS5vHsLwjsNLclWvCAmJqdw_gpef-j4IUcUldgRD-ruOnM4TzCGopAdajAPMvYHnPnkhAKFbsNHwhJz0XGtyTIoOdtQFkb_4XE0DsSFhSK5ztP8yIqX',0,318,'2016-03-26 14:38:51'),('APA91bEzZ5HnpzIJ8sppvjQGK6yBkMrk0C46560Azw37MnaGs6BmrMlS0Z2iVDKibrRh-zGKinkTQtWlH15KTmFyGoUBPFu_NSZE1HyFhnZpNYztmzelEzmRSlGEfqXd-UT0dNgYkW40',0,319,'2016-03-03 20:36:39'),('APA91bGce9rVhHSHTiX4GVKNmSfmcLN5Pkzc3MuUsbhyQp5l9cEdxJiRDOBxBNdI7WhaqCDWVpTXsJTLTHUhRAZZaVFONYySpYeKuhNYYjTHfC_5I2JvWBAnX5azDtMuYJtOgp9yFN_j',0,320,'2016-03-11 13:48:06'),('APA91bERR2gyBGwhvScyRftEPgxC--8Nxtb-LcWdw4fc5tFJzHJ25n5R888u8tGcJY7dXW67Z_VVf1jT0T3dgNEtD7h1ZaDx7RNoMPIdQiDdRZ9JZ0MpotHN8Mg3H8MnsqXSGhC_3Qmk',0,321,'2016-06-14 21:23:50'),('APA91bEydsuPhDFSm6mpTvJlOYTBqG5hBphcBkw8iB8RFRr_e8P7eI7ud9wHtKG2587vO9UIEYROkVG6Eydz09dzWCN86Mw20Ba5jKlN759IiAfZ39JTVslWrV1PgcB7FVCqcjDcdU_U',0,322,'2016-03-04 22:30:12'),('APA91bFK3seOlQ5UgPWwC-sQ2Zybd4Qe9UfyICS5G2_ChkgZMmz9o7QfZx5LYdFXc_JDKCDFqRV6wl48cYzIBFi4f4WD5ykBtDR8Vm1pW3A1VDSW_Fy9ihuHFTOtBzJZAbSKJgE_42mi',0,323,'2016-03-04 23:34:25'),('APA91bF8LpcRFzWJeWVdVDXaop4I2WM7sH0gIajglOER1ZV-b2en_yQiqib8nXgB98Gj7ANvyd1AFQm5ufNLzp1OyPetD4pCDaIhN2VGXBAOf5tjH8TzkQVqvxy2DpRpNnfyS7fGDs8T',0,324,'2016-03-10 07:50:48'),('APA91bER3ebdImqTEF8Byw3eYXPyn7Bpue4MuNypsW9Nt-dMeBA9tJY-lostZW_It0kkqXGsF9sNq1BWwwDBQ569i1imjR_xJWnnUkRRZiOv7dBrd2NOZHXo9mn5N6PT3pzITrsc-QWS',0,325,'2016-03-07 18:16:09'),('APA91bETwhF8U0psOv_1yFxavj6FkjpSYxRGylBwjyfn2-Q54IGjcbx7fZ9tEAM4kj6yQcBmPho4Msj-0Q2K6QJjxr_s1LsABix_EA_KwQ3xdjfB5UiKMm-Bucwff4ZXLYNPb8TG7olv',0,326,'2016-03-05 21:54:59'),('APA91bHY8aQ6eW8sgBa2DJHAKpsY_bhqN_G3SD73-odLkAxBwRI5fncVCjjBN817RVpnXyt5SozU6BMsd2CMiUomMHCsGWKkLt6HPnpN374j6RIefb8F9ORoYlgKKxLyGpjiisRzX5PS',0,327,'2016-05-15 10:25:06'),('APA91bEqds1UhRv-h4CltRrFtHa-wrfg39oUh2klD5ccg3Wkbk1Yf35VgHcGqOmkKrAhza8MYZ-Vgs1oqhehkToEYsBQPdumLjqt-SLabfRmjKOprhvq6jFrM5OyD1okRlXH7NNfMdRe',0,328,'2016-03-06 21:18:03'),('APA91bHV8t4ogWRrkBmg4p2OuaNu1zp6PLDKWTEDhojigxfT9_DYgeZMZ9EdK6O0JLPqTrUqFNJQS7y6qZKFECECf45Xi2Ja2NGmMwCruWlvvpxOW05Z-l1Z0KmaKlyt-XqQp3ixwcvY',0,329,'2016-03-22 22:40:28'),('APA91bEd12E0h0Bx0KOsKVvisjfHVoPPuyZ4IDGf2WiHqdNpnK1MSw9JwgfAdj2wpiF1HhAKZCfdZPamfwtHhZR9f51Q5bylS6N-qcC4nHk5dce286GhyvrZV-bTgXnDifHmK5g8HwvI',0,330,'2016-03-28 20:41:18'),('APA91bFGj9VnEVMxP914pagIs_-1rBntvRbRZpvXGQx01vJLG0HKCQWLC9cSjkra4Xoc--fubg-1xxvGmoOoYAJei0Wg0k7wH36EYimyOpdFFkaT0AYHsLqpEfBwtVXiAhVnPsmqxSw0',0,331,'2016-03-07 23:33:33'),('APA91bFO7eXxab8dljcWI_oNumACQJEJ_4S8WnZRHqxHX2x1xOKpH5cJs9-BGgc_kz5QfBqhFbGAwUrKmUCYokwKsfns_3iZUQwtIHRU1uNJQfmwjkFvEoww32pqo8NMDhIoMhEo_yE1',0,332,'2016-03-26 09:22:21'),('APA91bG_JsZU1yaa0lJTOmdouHufsQQCGXyqe1_8LmkbXr6J9AjFWuWlhyy7No6jbGqeiROFfn_WeVH5hiWx8I8y-mA3JU24Fq52fx6eb95BLCOIh8bYh4Z4AACIT3FJFLEsKZSaRgf-',0,333,'2016-09-11 17:43:47'),('APA91bHQUDy0CA62NxjWBjmPVWtRW3CmzVzd3mE2D_PUe-5X7Kj5rWiBKbIHkH8eabqyDYOv13-ChU8STIAvX_J18ENp3pQgjlLZzbVTW9KkcCuri1fT84B38BLgSQfM-anFemEu5zq0',0,334,'2016-03-09 22:46:01'),('APA91bE9c92GYXhUcUBqj7ZRv6NHiJR0sZRghHOOROhQxwT0_4JeSKOg-wobv2C2lwgR_SqkDzHhY5eFYdWwZ8LT_ZWRhN7-8Zsbh18EfPP0QIftbcKOf5oCPlZWvlalgQqueCZJ5JBM',0,335,'2016-03-10 12:16:29'),('APA91bGVvtdB060Qaogbc2PwT2bgjN_eKx_1MYuFGe8dmxW1vwt4a-RmNcIAG17Awv2fDVy5sBI2HldoNF4iIzKe17wAL4EV19e5Kq8r9uxCUSx0FQnrQOrpP0LgxJg4D9y5_AvVbVlx',0,336,'2016-03-10 12:31:40'),('APA91bHZp4LCMqJWCok6vqG7U6VuXvHDrEtgtoSF-p5dMw3s-XVrqdVabIE431r7B7bqAuMItCmZPp09_1dNmdcPks5qfy-dT-pHmgeP25z3hHulXe6DwBewXskvUhzDX4fmAs_oszvo',0,337,'2016-03-13 15:58:25'),('APA91bESzyNuJGj6g6rxocHwutSD4S2dcjMNBHMcF6kk9G6rLlYl3p0xeHlfP4QKAD5AbQbpLZtr6jxqLHnEVJ4MYOeAGpuUO4wRVlROHE4HVqz-BpEGPZ4fv5UdEyw_uhZUIkpZ7Dfe',0,338,'2016-03-14 18:57:30'),('APA91bEA8-ZPq0EvWq0mSG9PwGqv_0OKDCQH7K9hA3d5WtDioJJKVoUKWTa-WjS4v0Ybvpgt2k8cVwI5DpW0X-5ETmeVAJs_LXaX4d0Zyg2pEG84rjtppgczIzYq9FyDZ-UbGJTw7AYd',0,339,'2016-03-10 23:18:38'),('APA91bGu-fLRx0LM8sOPNQXt2etJBwZqj3raoqdHUlLhskBNTXNHJKrGS_mlZpTCwsg7Vj1Dt9eWnav6kVmVZh4IYoqgnZWNa8wCDOmYUmFomf0f9WLtWNmaKrkQOXB6eLHG4grzitBX',0,340,'2016-05-12 21:04:57'),('APA91bEYrTSHy0qzP11iANcWeZk6ZQ7AYOJicTy5VINtdYN0ZFyOIkHUOt3apUcoQIZpwmR2nskk8_58z0D68ut2GiliZvYIbm2hXlD3DeTzZLUZ5Q8UL5k8CQ1J762AWvr2nH5_T9N4',0,341,'2016-03-12 12:33:19'),('APA91bF2yuxT1L5pFGTgcFZn57TL9a2VKLXtZQtksZfLbwGEtVup0OrR1GcAlklNiwuVCPz2rAtIZfGVn1RpijpJibMebMSRCQRW_C7mgj5-Q4YySFC2prfy1NyyA3Sb4uLUwxrktKCv',0,342,'2016-04-20 16:13:41'),('APA91bE_Zy3rzSSNlrb44nCn0AUShFzCamq3u9gJ3dLt_T-h1rmK-ShpqXsU9XKnMa_JYEXA_BV7QvQ7U4-IQHVdRlTYynbrVR8Gxazfb9UpxaQNZPHSxkzL9kYEFzjKUY70H0iOVFsr',0,343,'2016-03-13 02:11:28'),('APA91bFaqf2SfRnWwqi3AtXbtZcZLUV3IEbg7NXetwexhGWlPYQ3GyzNYBV3IV95TrfChebfYRuiI_JCwyhcwvesSK738nQUATefBnc-aCHr9lpmuOySSe_1P59TRDrZPDBRB8EhJD4V',0,343,'2016-03-13 13:26:46'),('APA91bFERx_4R4qQr-OpeTwmAv3qdpqbV23niucCXoFhqa7sQN8mlEI3BmTH_u1PUZFOTkhT56CjFeNFGXhvqDuqtqsYo-S0SzxWhhDFNrRqEUx5UkePEFrvdrcXzrBupwx6P93wnKbu',0,104,'2016-03-13 09:42:03'),('APA91bFMMsmjix19wdEkgMZCHcvCiEftWdC-DN0Q5mHTiEZiyZ8iA1-JolXABtJsWnhUlbsbbeCg_ECvAXvEwXhouUpSzuN21SNetHXYWbvG6StX_Cp8Gi2KQ-PbiCPou1O1Mypqlk3g',0,344,'2016-03-13 11:01:27'),('APA91bGY6e54IIwXvN13eaO7QgHK5NVQBLbNssIUchffKUDnd7vQABhuxKjW3gMkeK6sVjJvwO61AvUteFFX6SvTPizaMA-KIuUXMLjPAvjBzPhT9WuSYHQyHc8ToTxt1NoxaDT9J4ko',0,345,'2016-03-28 18:11:33'),('APA91bF0R2dltBnlAA_zk_7ixN4fzRuolbJITbQJ3TyKbx5UrwzvZoQ_mvYT-WUPDaJR6gXyTOMqdSI2EqvCD51fQwBAB7v3j98rJWzSnKBYieneNLVhgUjh0bAtxDSse51_9xB7NCJZ',0,346,'2016-11-09 19:42:31'),('APA91bEBhcnq0wetQINunTI_cmVBnIywVZQlSrx8nIHCRsSPg-SBjhn_aTs15rLQXPOaBM_qzw9njekMtx7TmWvvDaZT6ANOTc2R6jHBI4NPa112iAuaw-gFeb4TF0exTvGzCNg4ryZR',0,347,'2016-03-13 23:25:52'),('APA91bHlF8rMuWQNQc1VXAGOchPEFXOIXlgtRBnbXKjbi41bfwjyfqdshV2_f_c8x8HxsahHvvHgxQLnWxg4GwM4reqT49CNRMCbfQAHqpJlkk2U48EdQZwGcySr5dMZeVh2plwuaPa8',0,348,'2016-03-14 04:59:48'),('APA91bEf50vyqoy7tDuWSFez-C7pbLg47sU7OG-q8z7WU7eturLGRX8Ydv918Okdg1jG_6HsrJQ0JQf_u9Icn_ZyHSsWcqmqs5TW0R0wxHRqf7pQ_3IpyhKYNwAsnNpvPwvDpAYWCWoZ',0,349,'2016-05-15 15:31:02'),('APA91bFzK7ZBiPax1HTKup6MUlyUS6klt_PS9jsnVN8AzlpTmwwXO5K6656ao3GgfpzQJHP3FqHab6EZFemWJYUgazE8dl0F1lOcVl8Dvc8lRqIfQZVXD92UzB-TuKqBlT3CoTA0CJGi',0,91,'2016-03-15 15:23:59'),('APA91bHM4yDFmu5S1PcEgwcejBfXAMKdIW970uOSA6ni4lO2g9fkzh7bX7kPgWXGpBVuUOAGwvEJ3RSYd9KaHKvOig4Svav1I0F0W2zut80nYvc8dyiSKOkUEcY98RbChAvWhcQZai3J',0,17,'2016-03-15 15:29:24'),('APA91bEhj-EFPxqXvyOulqX0cip7pNeBYWbZwhdnaCbquNc87xQ3fyO3cFDewX1YKzRKT88Zhkq-krYjUGF3nTU4WNCL00jLLwvb4dMhMVxK9lOmUn5YHey4wKhrAU9Pkf53VAuMzsZh',0,350,'2016-04-06 21:00:11'),('APA91bHakY4Lj6FMFPcuB-sFNIny6EJ52MYWtH9pVOAEwEjhWGev5rb-2dHHzwLtg8SaqAkhHUeTjh569SzR6RkLY7q3FEiDvyXvkg3W7oBsPBWsch3g3YfY4DONZbAo5AMK8zP6iBUr',0,351,'2016-03-15 20:48:07'),('APA91bHUc-2A0H-eTKBvigAexfahOl_K-0cSL6cSef_S_LfWZnaIwgWN8sA2amut9ABXAmpD1v0KwGpa-s4SL6UzwbYF_MwWk0UI4jdNaXNBBRsH-Wg4CasVu6dLCJYB3DcsDQTdVbdM',0,56,'2016-04-19 17:24:45'),('APA91bEU0LlD1VISK-rWXIa4TevYBRgN5g8LxIjBPLQECUZ1-nTe0aNev1A86QvP0zQXPCLWq7qledZ1CkpU1XN7QYpY6csOtIfKT8uXbGKE3SG8qP3Gm7PK4XG9AlEaLYx1Pfin1cpx',0,352,'2016-03-16 16:59:57'),('APA91bH_uYa-mrSYP_byr5lUmKDo_stqeZ6PoDdl-_MjTYdOfzAooYtEa5-mvyZgmQfeffPtP6fuzKelmlAJ5eOSRhbpPFtcNC_-X1KUK2d-VW9KgAWCiJoxlAKp7vbHJZEfgqu6ImeN',0,353,'2016-03-16 20:53:21'),('APA91bEQwXjkwhHDfmjNQe1NBYSEjwbxlszhj89rLNbk79wpFZnZglzt80iBx0mTEWIP6ypT-XuoPIrbT6sgxy0fHICbTFj3WjGLTz2ZJhl7awYii0H6SdkjeQW2rFKcKCErFab2Kcsf',0,354,'2016-03-17 10:59:01'),('APA91bHq6E2rO9OZtICZsk9oH30peksTwIZkxMA5viqG95E464z_GJI97gz__8WQVWJc3fz2-CKGHM9wGy6h2835b4_ip-Cb2eX6iBZWbMBob_yPHJjWdAACXzAWzZtVV3VWMmw-dTKM',0,355,'2016-03-17 15:40:36'),('APA91bFx2UaZmzvwelBjGmQDJOX15iztjvvX8tefZLB1mVyupH_dakMoARbVAG9XUITAnNwuKJFIuFn4bKl3-CjrBtJzVfEOV7lHUtW4OWBryoJ3TdRf-QONRCVDbYo8r5VtP0sXyHiU',0,356,'2016-03-17 17:18:06'),('APA91bEF_iRMKWYQUSde6KrFUYpStZVzkbUejZUCx2kXEf7I5VjYYqOvENYS99i_z9kqs0WWzvG8l8MbA7kIiNaUVprdTMX9M0o1YqsAZLCozLJWHwP5UwVaGutZjjIeuthpMnhFPgTw',0,357,'2016-03-17 19:00:24'),('APA91bHhFZtGI2lB0XduP1a6TlA58xmOjBPzKu1DGkRewPUqgJOw44gmGezZcdiNvBcBfixHtw8mNphs5yYi2NOYTOSAoDWv2IqzXTiJN7Oa4XpRcLNeJ4hT1plFbRHHfwtHmy9FoP4z',0,358,'2016-03-23 16:46:46'),('APA91bHzr_AxrMFT6EbEqwzlkTNK3tzHA3UoFmDU6aS2FVtjvZv7gryCOKe_13w-IzdlLmS3PUk674tYhajE3BT2qSS83xaYVOXX0KFGlhzfb6yxlg9ajTJPyOIhEcJoLQUpZNy9hTky',0,359,'2016-03-23 07:57:00'),('APA91bF5CrLhPliGfK-D_-t4y3_dvrroMFAiM-wSJtORZ9FhjL_Z_0acH7iHR1v_TqK3Vmp-YuNXxqnavbXQooearAmFiKFtP3oj7Qm-G3XtS23Jrt9yFPybUPogNU5swcEMk-AvUr2q',0,360,'2016-03-18 21:15:53'),('APA91bHEU_jtpmGdYZ71wppbwQHmHnTmJifpMIZndtgJNrRgvt_5T1sxC2unTvM6SsrBSwq8DRQZTFw26VW9shKSQlBODl_NHTeUk7930S5zbulE7bvUTH0N5kOSHf07iKVKZMDTi3CE',0,361,'2016-05-18 13:16:59'),('APA91bHNUH2hATgft5U12Kcu-M3Ll3q3z4oI7omSrIIK7ygYjgjXA-GbSL2-IBfD1qpcIYb8Ks1N1CzWsLNQU60e3MV2eUXbKPAk58qlOdFJ3dSz_c9l_capPGwBXz-DpvqXlp08w2XL',0,362,'2016-03-18 20:35:13'),('APA91bE1XFW7NSCoNLy5T-X9Rc_92c1ofOEKS7nnGb9gcWMBUodanjgHLlUhyboMQdPMb_jqr7616n1vdzTj0yyDPCUwKUPTld5NB86TVRxvl1Uccd4FOtGNO7ctSxngnJIwk256crYj',0,363,'2016-03-18 21:32:21'),('APA91bF9gP8TxKwm_M_WWhmIecCQmp0Xw_xOzkIrd6JRnrYLiWl_lbvelkYH3Cn1PszwM9wyiAgylphK4oJgbDASmjaHMRc1Ges4bCpTP7-ubUhL96Z4mrLXo-ru3m9TZMnV8dcbVJuq',0,364,'2016-04-10 12:40:40'),('APA91bGvo8PXWdxF1R5o4H44kPxI1UVxTp7_O7mMDspjpdfperRQh4-zugP9XYMATPGvlCTm2klGzGUWjQyL2uAw-2eG25yzclMmPUQmf_1YaB_oQlcOFwmN505Psry6KkZgC2K5EVuN',0,365,'2016-03-19 11:13:20'),('APA91bFrFU9uAhR48ljfgqy2-zjpJOix5QjqRQ3scn8BRQVe9zytA011NtfY5rK2KgDnPi24lPtmxtKVwYqOsBXECKbzmLs7D_zLWP5zfkDhSmWhMeeImL0Ue73NzVAMi0L7v7v_Bg_X',0,366,'2016-03-19 12:29:56'),('APA91bFv4J5vIZE_Sj9k8G2FDWeY7VSxgVx0pNkeI5oZ23u6TAMOso9he2gnzNKiWLeg-o7MTNjDcINTCvacdYCRi4YzhLB3q_6OJn5f6yn-1QUpDDIC41f-yv7T6iaWZvBi6tuEBbJV',0,367,'2016-03-19 20:35:58'),('APA91bGiq5wFvSPKZ3kieEKzvAaodLTx3v3T6knc-cqm4IerjoxS4cddJuRDcOCzfedYzHPU5oWsQWFBdT2RTYSGYAP7t7V5F9JTMoMyFxVwqVuNZyC4zvqKw3kaUkD7bbgG0MNyOqeL',0,362,'2016-07-20 16:51:59'),('APA91bFZkGbsiEC9ZR-huvVXbKgC5YU95noWruCek26cpov4EQCas11DQHPl8ncwTy1jKH90aC2IGNxiIcrHWHj44sprEg1F2teKkDuNF19Gxo9JAVwALdwG1sTQV6qLEpSoPA5qnhIQ',0,367,'2016-03-19 21:00:13'),('APA91bFSonOXZPrC8USC3n1it7PWCq2zPbU0Mqt-WHRZwd6mUpJrjtcUuKNqF2vWndazV93FTD7Grn40Tqb7wSQ0huMZEpi5vGNFNvo090F5WIR197bsUd_mvVgaDKggUgkWgG82dpzy',0,368,'2016-03-20 22:51:41'),('APA91bEP0N5O55ySk7USOHCNP2gk8jedmu3yt5BRIRVyC-unJB3apxbOmtKLN7BJDn6Cok32RjRsMu7BZLAnaaYj5PcUWkG0b6X4jwrkp6r22Ti5839Q-CueL5WqSNVJMBpmO1ub4iTS',0,24,'2016-03-22 11:08:13'),('APA91bE24TdghDJGF6gqLux_dwVKBbozGVKlXF2g39np719WXnSOg-ErZw95LMtDe6LD1-nn28bSLouTWg2oLh5XZwu2OcL0qz6uqWtEg_39uHrD5SmL3kx3PxxWYMjOtyB6HTV-K2mC',0,369,'2016-03-23 15:08:55'),('APA91bH1gcf8tL352-XYF6-1SnnDf1pjZ2Ya8OrlqYwBR7vGsZoyEGvZCbm175xWCq5jGY6xKSiLky6fZ8G_KOgv4e4P3g53jHUuiIFVPKuzZPfJu0XxX1DNj7viIkllOCIV283RtBhy',0,370,'2016-03-23 20:24:26'),('APA91bGdW7FacPupcxvLpQ3R0TZClXvq8svzc9GfbV4ydz9l2MZ3VefhgN-f1KXknQDbL7k5Bbtk9Z27xbOGU0xKyapEZJo2YQ7q3eE2ehE0mIsADKbqLbSnIqMRRuiDEzWEFOBYiGU-',0,370,'2016-03-23 23:05:21'),('APA91bFKeh2CO-6OCq29icghs0wbpRqDjvR3cFH-yzcboAhsm4sugvKfiJtXCWDgFfqXN73UjA-3tscPYRBsMJaSHk1zwxDKfYCaMojwyvfyB1L9l0o1vSGhubcFgQpvJ9igBhp7sdLe',0,371,'2016-03-24 06:15:50'),('APA91bFN88SReOF94tQYGvVp0GzpgR0HV-iVgzGSzvViMFYivxEprU4IuMZ59cx1fbOfCV9eMX96qWP3cbzchzERcYxBkvUiPu9GbXc7gjust5RaAlakAdtlzTssqki7XFeslMB9mOEh',0,372,'2016-03-29 08:59:50'),('APA91bFZm2u6CHBvJWhlHipYFmk_aGtvZMXDolkAay2XJ2LSE8BW8PyfxoI-3BrL4-8ugHj3Q7BGMD-lGexHvToEAZn4eEI5aFp6mpvsMspX4L16ROnAzKHU_CFHozCBx_tO3bsWWoGR',0,91,'2016-03-30 19:12:24'),('APA91bHap4OTwkV5vAl-9zZJ4xHO9XIefrZq6uptO7TMNmuYpp4lhKAnfRcUvAPIEYJNzHG39yUN00ubQoGYIm9fzNUXW0mRwB9jHICSUBR2q6oQc_PcKZA_T09KCT4sH8jwJDIMxyjK',0,74,'2016-04-19 01:23:47');
/*!40000 ALTER TABLE `push_device_token_android_tb` ENABLE KEYS */;
UNLOCK TABLES;

--
-- Table structure for table `push_device_token_ios_tb`
--

DROP TABLE IF EXISTS `push_device_token_ios_tb`;
/*!40101 SET @saved_cs_client     = @@character_set_client */;
/*!40101 SET character_set_client = utf8 */;
CREATE TABLE `push_device_token_ios_tb` (
  `DEVICE_TOKEN` varchar(128) NOT NULL,
  `ACCOUNT_ID` bigint(20) NOT NULL,
  `CLIENT_UID_SRL` int(11) NOT NULL,
  `REG_DATETIME` datetime NOT NULL,
  KEY `IDX_ACCOUNT_ID` (`ACCOUNT_ID`),
  KEY `IDX_CLIENT_UID_SRL` (`CLIENT_UID_SRL`),
  FULLTEXT KEY `IDX_DEVICE_TOKEN` (`DEVICE_TOKEN`)
) ENGINE=MyISAM DEFAULT CHARSET=utf8;
/*!40101 SET character_set_client = @saved_cs_client */;

--
-- Dumping data for table `push_device_token_ios_tb`
--

LOCK TABLES `push_device_token_ios_tb` WRITE;
/*!40000 ALTER TABLE `push_device_token_ios_tb` DISABLE KEYS */;
/*!40000 ALTER TABLE `push_device_token_ios_tb` ENABLE KEYS */;
UNLOCK TABLES;
/*!40103 SET TIME_ZONE=@OLD_TIME_ZONE */;

/*!40101 SET SQL_MODE=@OLD_SQL_MODE */;
/*!40014 SET FOREIGN_KEY_CHECKS=@OLD_FOREIGN_KEY_CHECKS */;
/*!40014 SET UNIQUE_CHECKS=@OLD_UNIQUE_CHECKS */;
/*!40101 SET CHARACTER_SET_CLIENT=@OLD_CHARACTER_SET_CLIENT */;
/*!40101 SET CHARACTER_SET_RESULTS=@OLD_CHARACTER_SET_RESULTS */;
/*!40101 SET COLLATION_CONNECTION=@OLD_COLLATION_CONNECTION */;
/*!40111 SET SQL_NOTES=@OLD_SQL_NOTES */;

-- Dump completed on 2018-03-09 10:45:30
